48494115,Nova_Scotia_Duck_Tolling_Retriever_&_Cocker_Spaniel
48492530,Dachshund
48487320,Cocker_Spaniel
48478383,Pit_Bull_Terrier
48462847,Greyhound
48457438,Cocker_Spaniel
48453146,Cocker_Spaniel
48444679,Pit_Bull_Terrier
48437237,Dachshund
48427017,Dachshund
48420187,Pit_Bull_Terrier
48404850,Dachshund
48404755,Dachshund
48402171,Cocker_Spaniel
48402168,Cocker_Spaniel
48360333,Pit_Bull_Terrier
48358545,Cocker_Spaniel
48348458,Dachshund
48348275,Dachshund
48314748,Dachshund
48242163,Dachshund
48230912,Dachshund
48180604,Dachshund
48177785,Dachshund
48129338,Dachshund
48129136,Dachshund
48112214,Dachshund
48107084,Pit_Bull_Terrier
48006100,Dachshund
47998988,Dachshund
47958736,Pit_Bull_Terrier
47940444,Pit_Bull_Terrier
47911871,Hound
47885385,Dachshund
47875939,Dachshund
47748091,Dachshund
47599753,Chihuahua
47226482,Dachshund
47226453,Dachshund
47192182,Dachshund_&_Chihuahua
48494115,Nova_Scotia_Duck_Tolling_Retriever_&_Cocker_Spaniel
48492530,Dachshund
48487320,Cocker_Spaniel
48478383,Pit_Bull_Terrier
48462847,Greyhound
48457438,Cocker_Spaniel
48453146,Cocker_Spaniel
48444679,Pit_Bull_Terrier
48437237,Dachshund
48427017,Dachshund
48420187,Pit_Bull_Terrier
48404850,Dachshund
48404755,Dachshund
48402171,Cocker_Spaniel
48402168,Cocker_Spaniel
48360333,Pit_Bull_Terrier
48358545,Cocker_Spaniel
48348458,Dachshund
48348275,Dachshund
48314748,Dachshund
48242163,Dachshund
48230912,Dachshund
48180604,Dachshund
48177785,Dachshund
48129338,Dachshund
48129136,Dachshund
48112214,Dachshund
48107084,Pit_Bull_Terrier
48006100,Dachshund
47998988,Dachshund
47958736,Pit_Bull_Terrier
47940444,Pit_Bull_Terrier
47911871,Hound
47885385,Dachshund
47875939,Dachshund
47748091,Dachshund
47599753,Chihuahua
47226482,Dachshund
47226453,Dachshund
47192182,Dachshund_&_Chihuahua
46868501,Dachshund
46410455,Chihuahua
46262812,Shih_Tzu
46262746,Shih_Tzu
46262735,Shih_Tzu
46262729,Maltese
46262718,Pekingese
46027995,Dachshund_&_Chihuahua
46027958,Dachshund_&_Chihuahua
45923881,Dachshund
45456955,Beagle
45456953,Hound
45456947,Beagle
44612876,English_Setter
44492413,Cocker_Spaniel
44413338,Dachshund
44413339,Dachshund
44050937,Dachshund
43910191,Dachshund
43582430,Dachshund_&_Chihuahua
41796884,Dachshund
41796883,Dachshund
40731620,Chihuahua
40025691,Dachshund
37326958,Lhasa_Apso
27720356,Chihuahua
46675535,Labrador_Retriever_&_Golden_Retriever
48496028,Labrador_Retriever
48496025,Labrador_Retriever
48496026,Rottweiler
48495342,Chihuahua
48487266,Labrador_Retriever_&_German_Shepherd_Dog
48487246,Pit_Bull_Terrier
48487244,Carolina_Dog
48487257,Basset_Hound
48487254,Pit_Bull_Terrier
48487248,Chihuahua_&_Dachshund
48487264,Australian_Shepherd_&_Great_Pyrenees
48487246,Pit_Bull_Terrier
48487244,Carolina_Dog
48487257,Basset_Hound
48487254,Pit_Bull_Terrier
48487263,Chihuahua
48487237,Labrador_Retriever_&_Dachshund
48487223,Carolina_Dog_&_Pit_Bull_Terrier
48487233,Labrador_Retriever_&_Blue_Lacy
48487225,German_Wirehaired_Pointer
48487232,Labrador_Retriever_&_German_Shepherd_Dog
48487216,Labrador_Retriever_&_German_Shepherd_Dog
48487215,Chihuahua_&_Dachshund
48487212,German_Shepherd_Dog
48464984,Poodle
48464434,Mastiff
48460959,Pit_Bull_Terrier_&_Boxer
48460964,Foxhound
48460947,Chihuahua_&_Dachshund
48460951,Great_Pyrenees
48460940,Great_Pyrenees
48456319,Labrador_Retriever
48455023,American_Staffordshire_Terrier
48451204,Pit_Bull_Terrier
48442040,Rottweiler
48442041,Labrador_Retriever
48441338,Boxer
48440576,Pit_Bull_Terrier_&_Boxer
48440575,Pit_Bull_Terrier_&_Labrador_Retriever
48436588,Boxer
48435309,Great_Pyrenees_&_Labrador_Retriever
48435307,Australian_Cattle_Dog_/_Blue_Heeler_&_Saint_Bernard
48431836,Catahoula_Leopard_Dog
48431082,Vizsla
48414941,German_Shepherd_Dog
48413167,Pit_Bull_Terrier
48410530,Shiba_Inu_&_Chow_Chow
48403228,Catahoula_Leopard_Dog
48403223,Staffordshire_Bull_Terrier
48403216,Husky
48403214,Labrador_Retriever
48400086,Australian_Cattle_Dog_/_Blue_Heeler
48398015,German_Shepherd_Dog_&_Black_Mouth_Cur
48398013,Pit_Bull_Terrier
48398014,Pit_Bull_Terrier
48398012,Black_Mouth_Cur
48397751,Rottweiler
48394372,Rottweiler
48391607,Catahoula_Leopard_Dog
48390468,Pit_Bull_Terrier
48390463,German_Shepherd_Dog_&_Shar-Pei
48384590,Poodle
48384589,Labrador_Retriever_&_Husky
48383151,Australian_Cattle_Dog_/_Blue_Heeler
48381377,Pit_Bull_Terrier_&_Shar-Pei
48376019,English_Coonhound
48376018,German_Shepherd_Dog_&_Husky
48374928,Husky
48371729,Pit_Bull_Terrier
48370310,Pit_Bull_Terrier
48370306,Pit_Bull_Terrier
48366107,German_Shepherd_Dog
48364444,Beagle
48361521,Beagle
48360096,Pit_Bull_Terrier
48359633,Siberian_Husky
48351507,Akita
48351503,Labrador_Retriever
48351501,Pit_Bull_Terrier
48351495,Staffordshire_Bull_Terrier
48344167,Pit_Bull_Terrier
48344163,Pit_Bull_Terrier
48332441,Chihuahua
48332440,Yorkshire_Terrier
48329636,Chihuahua
48327951,Great_Pyrenees_&_Saint_Bernard
48327956,Labrador_Retriever
48323632,Labrador_Retriever_&_Australian_Shepherd
48323234,Boxer
48318221,Pit_Bull_Terrier
48298925,Pit_Bull_Terrier
48297360,Labrador_Retriever
48287965,Pit_Bull_Terrier
48287962,Bichon_Frise
48287469,Staffordshire_Bull_Terrier_&_Plott_Hound
48270827,Boxer_&_Labrador_Retriever
48265646,German_Shepherd_Dog
48261214,German_Shepherd_Dog
48251135,Pit_Bull_Terrier
48246872,Pit_Bull_Terrier
48242055,Staffordshire_Bull_Terrier
48236999,German_Shepherd_Dog
48228018,Plott_Hound
48228004,Pit_Bull_Terrier
48220420,Harrier
48214121,Australian_Cattle_Dog_/_Blue_Heeler
48214124,Labrador_Retriever
48213726,Doberman_Pinscher_&_Pit_Bull_Terrier
48205454,Pit_Bull_Terrier
48193151,Pit_Bull_Terrier
48187589,German_Shepherd_Dog_&_Labrador_Retriever
48186937,Labrador_Retriever
48172245,Pit_Bull_Terrier
48156674,Pit_Bull_Terrier
48150622,Pit_Bull_Terrier
48147470,Boxer
48143526,American_Staffordshire_Terrier
48132944,Pit_Bull_Terrier
48131892,Labrador_Retriever
48126449,Australian_Shepherd_&_Border_Collie
48123671,Black_Mouth_Cur
48123673,Pit_Bull_Terrier
48107491,Pit_Bull_Terrier_&_Dalmatian
48101308,Labrador_Retriever
48101303,American_Staffordshire_Terrier
48101071,Labrador_Retriever
48101070,Pit_Bull_Terrier
48079483,Pit_Bull_Terrier
48065492,Pit_Bull_Terrier
48064950,Pointer_&_Boxer
48057547,Pit_Bull_Terrier
48049078,Pit_Bull_Terrier_&_Bull_Terrier
48047655,Boxer
48047239,Boxer
48046783,Pit_Bull_Terrier
48042914,Labrador_Retriever_&_Pointer
48041446,Staffordshire_Bull_Terrier
48040128,Labrador_Retriever
48035476,Catahoula_Leopard_Dog_&_Boxer
48032100,American_Staffordshire_Terrier
48025323,Pit_Bull_Terrier
48022105,Pit_Bull_Terrier
48021605,Labrador_Retriever_&_Siberian_Husky
48019305,Black_Mouth_Cur
48017737,Chihuahua
48012588,Pit_Bull_Terrier
48011607,Pit_Bull_Terrier
48011601,Australian_Cattle_Dog_/_Blue_Heeler
47981429,Labrador_Retriever_&_German_Shepherd_Dog
47974611,Pit_Bull_Terrier
47962460,Pit_Bull_Terrier
47958624,Labrador_Retriever_&_Pit_Bull_Terrier
47958623,German_Shepherd_Dog_&_Labrador_Retriever
47952698,American_Bulldog
47951691,German_Shepherd_Dog
47945555,Chow_Chow
47945554,Boxer
47944997,German_Shepherd_Dog
47938816,German_Shepherd_Dog
47930083,Boxer
47927664,Boxer_&_Labrador_Retriever
47927650,Plott_Hound
47927656,Labrador_Retriever
47927647,Pit_Bull_Terrier
47927649,Pit_Bull_Terrier
47927646,Pit_Bull_Terrier
47927636,Australian_Kelpie
47878764,Labrador_Retriever
47874128,Pit_Bull_Terrier
47868231,Pit_Bull_Terrier
47868232,Husky
47854099,Anatolian_Shepherd
47847725,Pit_Bull_Terrier
47837843,Pit_Bull_Terrier_&_Boxer
47827502,Pit_Bull_Terrier
47823466,Pit_Bull_Terrier
47821915,Blue_Lacy_&_Labrador_Retriever
47821205,Pointer
47821203,Saint_Bernard
47811917,English_Coonhound_&_German_Shepherd_Dog
47810523,Labrador_Retriever
47803101,Rottweiler_&_German_Shepherd_Dog
47755983,Pit_Bull_Terrier_&_Labrador_Retriever
47715916,Pit_Bull_Terrier
47688445,Pit_Bull_Terrier
47688446,Pit_Bull_Terrier
47680522,German_Shepherd_Dog
47653801,American_Staffordshire_Terrier
47644925,Labrador_Retriever
47637612,Labrador_Retriever
47636443,German_Shepherd_Dog
47629673,Pit_Bull_Terrier
47624523,German_Shepherd_Dog_&_Boxer
47624126,Labrador_Retriever
47623666,Labrador_Retriever
47623660,Pit_Bull_Terrier
47618512,Pit_Bull_Terrier
47604046,Labrador_Retriever
47600666,German_Shepherd_Dog
47594758,Pit_Bull_Terrier
47591084,Pit_Bull_Terrier
47591073,Pit_Bull_Terrier
47590568,Pit_Bull_Terrier
47590567,Pit_Bull_Terrier_&_German_Shepherd_Dog
47585761,Pit_Bull_Terrier
47576360,Pit_Bull_Terrier
47544113,Pit_Bull_Terrier
47533628,Pit_Bull_Terrier
47511406,Boxer
47510825,Pit_Bull_Terrier
47510821,Pit_Bull_Terrier
47495191,Pit_Bull_Terrier
47477844,Labrador_Retriever
47446100,Pit_Bull_Terrier
47441521,American_Staffordshire_Terrier
47429803,Pit_Bull_Terrier
47408673,Labrador_Retriever
47381267,Pit_Bull_Terrier
47341725,Great_Dane_&_Greyhound
47336118,Australian_Cattle_Dog_/_Blue_Heeler
47331128,Labrador_Retriever
47294621,Pit_Bull_Terrier
47253537,Pit_Bull_Terrier
47229916,Pit_Bull_Terrier
47220413,Pit_Bull_Terrier
47213405,Australian_Cattle_Dog_/_Blue_Heeler_&_Labrador_Retriever
47207642,Pit_Bull_Terrier
47202938,American_Bulldog
47192428,Labrador_Retriever
47187730,Pit_Bull_Terrier
47178582,Australian_Cattle_Dog_/_Blue_Heeler
47167564,Pit_Bull_Terrier
47144127,Dachshund_&_Chihuahua
47078020,Labrador_Retriever
47067583,Pit_Bull_Terrier
47052803,Pit_Bull_Terrier
47038866,Pit_Bull_Terrier
47018554,Plott_Hound
46975347,Staffordshire_Bull_Terrier
46971243,Pit_Bull_Terrier
46941132,Pit_Bull_Terrier
46926572,Australian_Cattle_Dog_/_Blue_Heeler
46924808,Pit_Bull_Terrier
46903196,American_Bulldog
46902549,Pit_Bull_Terrier
46862563,Pit_Bull_Terrier
46849321,Pit_Bull_Terrier
46829418,Pit_Bull_Terrier
46698956,Pit_Bull_Terrier
46658939,Pit_Bull_Terrier
46611205,Pointer
46538119,Pit_Bull_Terrier
46482995,Catahoula_Leopard_Dog
46482465,Pit_Bull_Terrier_&_Labrador_Retriever
46426219,Labrador_Retriever_&_Pit_Bull_Terrier
46392248,Pit_Bull_Terrier
46342154,Plott_Hound
46312241,Pit_Bull_Terrier
46222155,Pit_Bull_Terrier
46154967,Australian_Kelpie
46145417,Australian_Cattle_Dog_/_Blue_Heeler
45979827,Staffordshire_Bull_Terrier
45953292,Staffordshire_Bull_Terrier
45926278,Beagle
45711889,Labrador_Retriever
45710808,German_Shepherd_Dog
45561011,Australian_Shepherd
45445142,American_Staffordshire_Terrier
45444977,Dachshund_&_Chihuahua
45445018,Pit_Bull_Terrier
45444911,Pit_Bull_Terrier_&_Labrador_Retriever
45444942,Labrador_Retriever
45445013,Labrador_Retriever
45445039,Pit_Bull_Terrier
45444910,Pit_Bull_Terrier
45444895,American_Bulldog_&_Boxer
45444828,Staffordshire_Bull_Terrier
45444667,Pit_Bull_Terrier
45444687,Pit_Bull_Terrier
45444613,Pit_Bull_Terrier
45444525,Chihuahua
45444455,Labrador_Retriever_&_Chow_Chow
45444272,Staffordshire_Bull_Terrier_&_Mastiff
45444250,Labrador_Retriever
45444196,Boxer
45444188,Dachshund
45444220,Pit_Bull_Terrier
45444249,Pit_Bull_Terrier
45444248,Pit_Bull_Terrier
18223354,German_Shorthaired_Pointer
48493000,Pit_Bull_Terrier
48492995,Labrador_Retriever
48492997,Chocolate_Labrador_Retriever
48493003,Chocolate_Labrador_Retriever
48492973,Border_Collie
48492979,Chocolate_Labrador_Retriever
48492988,Chocolate_Labrador_Retriever
48492976,Pit_Bull_Terrier
48492951,Chocolate_Labrador_Retriever
48492962,Labrador_Retriever
48492950,Chihuahua
48492960,Husky_&_Anatolian_Shepherd
48482445,Australian_Cattle_Dog_/_Blue_Heeler
48482446,Pit_Bull_Terrier
48482451,Old_English_Sheepdog
48482421,Chihuahua
48482407,Chihuahua
48482405,Pit_Bull_Terrier
48482420,Chihuahua
48482406,Pit_Bull_Terrier
48482430,Chihuahua
48482403,Shepherd_&_Terrier
48482410,Black_Labrador_Retriever
48482429,Pit_Bull_Terrier
48482424,Labrador_Retriever_&_Husky
48482431,Shepherd
48482416,Labrador_Retriever
48482435,Labrador_Retriever_&_Boxer
48473515,Shepherd
48473510,Boxer
48473514,Terrier
48473505,Terrier
48473497,Border_Collie
48473501,Labrador_Retriever
48473499,Labrador_Retriever
48473498,Hound
48473488,Husky_&_Doberman_Pinscher
48473489,Pit_Bull_Terrier
48473488,Husky_&_Doberman_Pinscher
48473492,Border_Collie
48466590,Great_Dane_&_Shepherd
48466583,Cattle_Dog
48466569,Cattle_Dog_&_Terrier
48466567,Pit_Bull_Terrier
48466565,Pit_Bull_Terrier
48458182,Pit_Bull_Terrier
48458194,American_Staffordshire_Terrier
48458185,Australian_Cattle_Dog_/_Blue_Heeler
48458196,Terrier
48458187,Australian_Kelpie_&_Terrier
48458193,Greyhound_&_Labrador_Retriever
48458173,Pit_Bull_Terrier
48458169,German_Shepherd_Dog
48448200,Black_Mouth_Cur
48448194,Pit_Bull_Terrier
48448193,Pit_Bull_Terrier
48448185,Pit_Bull_Terrier
48448189,Labrador_Retriever
48448174,Black_Labrador_Retriever_&_Shepherd
48448179,Pit_Bull_Terrier
48448176,Great_Dane_&_Pointer
48448177,Pit_Bull_Terrier
48437656,Pit_Bull_Terrier
48437652,Pit_Bull_Terrier
48437651,Terrier
48437644,Shih_Tzu
48437629,Jack_Russell_Terrier
48437645,Black_Labrador_Retriever_&_Basset_Hound
48427445,Pit_Bull_Terrier
48427442,Chocolate_Labrador_Retriever
48427434,Blue_Lacy_&_Labrador_Retriever
48427448,Shepherd
48417108,Cattle_Dog
48407862,Pit_Bull_Terrier
48401660,Treeing_Walker_Coonhound
48401664,Terrier
48401655,Pit_Bull_Terrier
48388025,Anatolian_Shepherd
48388024,Australian_Shepherd
48388031,Terrier
48377860,Australian_Cattle_Dog_/_Blue_Heeler
48377854,Australian_Cattle_Dog_/_Blue_Heeler
48377844,Pit_Bull_Terrier
48377846,Pit_Bull_Terrier
48377843,Pit_Bull_Terrier
48367358,Blue_Lacy
48367339,Pit_Bull_Terrier_&_Chow_Chow
48357660,Boxer
48357656,Pit_Bull_Terrier
48357642,Retriever
48357630,Australian_Cattle_Dog_/_Blue_Heeler
48349066,Shepherd
48349067,Shepherd
48342674,Black_Labrador_Retriever
48342670,American_Bulldog
48334989,Mastiff
48334984,Terrier
48325502,Pit_Bull_Terrier
48325496,American_Staffordshire_Terrier
48325471,Pointer
48315353,Pit_Bull_Terrier
48305171,German_Shepherd_Dog
48305177,Shepherd
48305110,Chihuahua_&_Australian_Cattle_Dog_/_Blue_Heeler
48294821,Boxer
48294784,Pit_Bull_Terrier_&_Shar-Pei
48286045,Pit_Bull_Terrier
48286021,Pit_Bull_Terrier
48280394,American_Bulldog
48263187,Pit_Bull_Terrier
48263171,Chocolate_Labrador_Retriever
48253657,Blue_Lacy
48253651,Pit_Bull_Terrier
48253638,Pit_Bull_Terrier
48253652,Hound
48253627,Pit_Bull_Terrier
48243997,Pit_Bull_Terrier
48243971,Pit_Bull_Terrier
48234073,Beagle
48234059,Beagle
48219148,Terrier
48219163,Pit_Bull_Terrier
48211978,Terrier
48211971,Pit_Bull_Terrier
48211965,Rottweiler
48211942,Terrier
48209015,Shar-Pei
48208995,Shar-Pei
48184839,Pit_Bull_Terrier
48184833,Shar-Pei
48174471,American_Bulldog_&_Retriever
48174473,Plott_Hound
48161393,Black_Labrador_Retriever
48148529,Pit_Bull_Terrier
48148499,Labrador_Retriever
48139837,American_Bulldog
48139844,Cattle_Dog
48130501,Great_Pyrenees
48130486,Mastiff_&_American_Bulldog
48112686,Terrier
48112661,Pit_Bull_Terrier
48112665,Terrier
48112655,Terrier
48105183,French_Bulldog
48105170,Pit_Bull_Terrier
48093489,Shepherd
48085086,Bernese_Mountain_Dog
48076936,Labrador_Retriever
48068673,Labrador_Retriever
48068662,Black_Labrador_Retriever
48068616,Pit_Bull_Terrier
48068629,Terrier_&_Anatolian_Shepherd
48061126,Labrador_Retriever
48061100,Pit_Bull_Terrier
48061082,Black_Labrador_Retriever
48045476,Basset_Hound
48045463,Pit_Bull_Terrier
48045456,Cattle_Dog
48038379,German_Shepherd_Dog
48038368,Mastiff_&_Pit_Bull_Terrier
48031109,Pit_Bull_Terrier
48031104,Pit_Bull_Terrier
48016950,American_Staffordshire_Terrier
47999139,American_Staffordshire_Terrier
47972343,American_Staffordshire_Terrier
47972319,Pit_Bull_Terrier
47965485,Pit_Bull_Terrier
47942358,American_Bulldog
47935621,Pit_Bull_Terrier
47935593,Pit_Bull_Terrier
47928974,German_Shepherd_Dog
47923283,Great_Pyrenees
47918614,Pit_Bull_Terrier
47900618,Pit_Bull_Terrier
47887934,Chow_Chow_&_Labrador_Retriever
47887918,Chocolate_Labrador_Retriever
47877693,Shepherd
47877673,Boxer
47847147,Pit_Bull_Terrier
47820339,Labrador_Retriever
47730880,Pit_Bull_Terrier
47708484,Australian_Cattle_Dog_/_Blue_Heeler
47701404,Akita
47679940,Pit_Bull_Terrier
47679925,American_Bulldog
47659705,Labrador_Retriever_&_Beagle
47349166,Pit_Bull_Terrier
47327113,Black_Mouth_Cur_&_Australian_Cattle_Dog_/_Blue_Heeler
47308846,Shepherd_&_Hound
47298878,German_Shepherd_Dog
47212532,Labrador_Retriever_&_Pit_Bull_Terrier
47195222,Terrier_&_Shepherd
46805535,Pointer
46640462,Black_Labrador_Retriever
46573234,Pit_Bull_Terrier
45693555,Labrador_Retriever
45248302,Pit_Bull_Terrier
45007879,American_Bulldog
44670931,Pit_Bull_Terrier
44296963,Pit_Bull_Terrier
43772241,Pit_Bull_Terrier
43555082,Pit_Bull_Terrier
35686220,Belgian_Shepherd_/_Tervuren_&_Labrador_Retriever
28953447,Staffordshire_Bull_Terrier
28899010,American_Bulldog
28311037,Staffordshire_Bull_Terrier
27514226,German_Shepherd_Dog_&_Bull_Terrier
27146534,Weimaraner_&_Staffordshire_Bull_Terrier
27001540,Pit_Bull_Terrier
26241232,Staffordshire_Bull_Terrier
25722445,Staffordshire_Bull_Terrier
25463016,Pit_Bull_Terrier
25245711,American_Staffordshire_Terrier
25192797,American_Bulldog_&_Hound
25151176,Pit_Bull_Terrier
24402008,Black_Labrador_Retriever
24239937,American_Staffordshire_Terrier
23595680,American_Staffordshire_Terrier
23122344,Pit_Bull_Terrier
23121867,Pit_Bull_Terrier
22949649,Basset_Hound_&_Labrador_Retriever
22452369,Labrador_Retriever_&_Pit_Bull_Terrier
22422376,Labrador_Retriever_&_Pit_Bull_Terrier
22331443,Staffordshire_Bull_Terrier
48492504,Terrier
48473072,Siberian_Husky_&_Great_Dane
48467297,German_Shepherd_Dog
48444458,Klee_Kai
48435047,Terrier
48434218,Shepherd
48433233,Hound
48418279,Great_Dane_&_Husky
48418275,Great_Dane_&_Husky
48418277,Great_Dane_&_Husky
48418276,Basenj
48418278,English_Bulldog
48341155,Schnauzer
48331047,Tibetan_Terrier
48328404,Australian_Cattle_Dog_/_Blue_Heeler
48325102,Mastiff
48325101,Sheep_Dog
48325061,Shepherd
48325062,Husky_&_Labrador_Retriever
48325059,Great_Dane
48325042,Great_Dane_&_Mastiff
48262252,Labrador_Retriever
48138721,Chihuahua
48099489,Labrador_Retriever_&_German_Shepherd_Dog
48195163,Australian_Cattle_Dog_/_Blue_Heeler
48335702,Maltese
48171565,Labrador_Retriever_&_Beagle
46903310,Labrador_Retriever_&_Great_Pyrenees
46903286,Pit_Bull_Terrier_&_Labrador_Retriever
46094291,Papillon
43839996,Shetland_Sheepdog_/_Sheltie
48463912,German_Shepherd_Dog
48463851,German_Shepherd_Dog
48340853,German_Shepherd_Dog
47513550,German_Shepherd_Dog
47087060,German_Shepherd_Dog
47923250,Shar-Pei_&_Saluki
44741830,Shar-Pe
48372197,Pit_Bull_Terrier_&_Labrador_Retriever
48345169,Australian_Cattle_Dog_/_Blue_Heeler_&_English_Pointer
48454555,Chihuahua_&_Rat_Terrier
48454500,Labrador_Retriever_&_Border_Collie
48454482,Great_Pyrenees
48375012,Rhodesian_Ridgeback
47927407,Chihuahua
47927341,Basset_Hound
47427666,Pit_Bull_Terrier
46968471,Boxer
43424027,Plott_Hound
48461717,Great_Dane
48423608,Great_Pyrenees
48422513,Great_Pyrenees_&_German_Shepherd_Dog
48421232,Great_Pyrenees
44763813,Great_Pyrenees
44303747,Great_Pyrenees
48484010,English_Bulldog_&_American_Staffordshire_Terrier
48491671,Miniature_Schnauzer
48484019,American_Bulldog
48398553,Bullmastiff
48177400,German_Shepherd_Dog
48125520,Shepherd
47264701,Bullmastiff
46271344,Border_Collie
46041871,Bullmastiff
48357087,Labrador_Retriever
48357056,Chiweenie_&_Yorkshire_Terrier
48357051,Hound_&_Labrador_Retriever
48356924,Yorkshire_Terrier
48205573,Chihuahua
48165995,Mixed_Breed
48165999,Mixed_Breed
48165991,Mixed_Breed
48112200,Pit_Bull_Terrier
48084714,Rat_Terrier_&_Dachshund
48076406,Terrier
47986882,Terrier_&_Chihuahua
47953497,Australian_Cattle_Dog_/_Blue_Heeler
47895091,Terrier
47881115,Shepherd
47775977,Terrier
47647218,Chihuahua
46330288,Labrador_Retriever
44497506,Labrador_Retriever
48483824,Border_Collie
48424197,Blue_Lacy_&_Plott_Hound
48424109,Chihuahua
48424015,Border_Collie_&_Staffordshire_Bull_Terrier
48423477,Labrador_Retriever
48327247,Husky
48100457,Labrador_Retriever_&_Mastiff
48100413,Labrador_Retriever_&_Mastiff
48072446,Labrador_Retriever
47939602,Labrador_Retriever
47885565,Labrador_Retriever
47473103,Labrador_Retriever
47281287,Labrador_Retriever
46928061,Labrador_Retriever
46839421,Labrador_Retriever
46562364,Mixed_Breed
46004509,Labrador_Retriever
45132268,Labrador_Retriever
44641062,Labrador_Retriever
41844541,Labrador_Retriever
41479123,Labrador_Retriever
41479110,Labrador_Retriever
25719740,American_Staffordshire_Terrier
24778760,American_Staffordshire_Terrier_&_Rhodesian_Ridgeback
24695363,Boxer_&_American_Staffordshire_Terrier
24693822,Bull_Terrier_&_Basset_Hound
24693691,Boxer_&_American_Staffordshire_Terrier
24693508,English_Bulldog_&_Staffordshire_Bull_Terrier
21062388,Staffordshire_Bull_Terrier_&_American_Staffordshire_Terrier
21062374,American_Staffordshire_Terrier_&_Pit_Bull_Terrier
21061962,American_Staffordshire_Terrier_&_Pit_Bull_Terrier
16696712,American_Staffordshire_Terrier_&_Australian_Cattle_Dog_/_Blue_Heeler
48455086,Yorkshire_Terrier
48457910,Chihuahua
48356674,Black_Labrador_Retriever
48029830,Pit_Bull_Terrier
47849626,Shepherd
47776735,Black_Mouth_Cur
47776342,Yellow_Labrador_Retriever
48061064,Corgi_&_Terrier
47255628,Black_Mouth_Cur
46571692,Boston_Terrier_&_Chihuahua
46073306,Plott_Hound_&_Pit_Bull_Terrier
45846225,Dogo_Argentino_&_American_Staffordshire_Terrier
45824350,Husky
40990321,German_Shepherd_Dog
47572389,Mixed_Breed
48387400,Labrador_Retriever_&_Great_Dane
48471706,Chihuahua
48471663,Chihuahua
48471532,Chihuahua
48437273,Chihuahua
48435021,Boxer
48394550,Labrador_Retriever
48416574,Pit_Bull_Terrier
48416517,Shar-Pei
48391401,Great_Pyrenees
45892790,German_Shepherd_Dog_&_Husky
45892355,Labrador_Retriever_&_Terrier
45891460,Mixed_Breed
43493530,American_Bulldog
42215385,Labrador_Retriever
41431045,Pit_Bull_Terrier
40742932,Cattle_Dog
39202044,Labrador_Retriever
32562319,Pit_Bull_Terrier
31140229,Great_Pyrenees_&_Great_Dane
31140130,Labrador_Retriever
31140128,Shepherd_&_Terrier
31140085,German_Shepherd_Dog
31140055,Labrador_Retriever
31140050,Labrador_Retriever
48496920,Staffordshire_Bull_Terrier
48462354,Spaniel
48455308,Dachshund
48452210,Labrador_Retriever
48452207,Chocolate_Labrador_Retriever
48452208,Australian_Cattle_Dog_/_Blue_Heeler_&_Australian_Shepherd
48444021,Pit_Bull_Terrier
48444017,Black_Labrador_Retriever
48444015,American_Staffordshire_Terrier
48444013,Border_Collie
48444016,Plott_Hound
48444018,Plott_Hound
48444020,Cattle_Dog
48444019,Mixed_Breed
48444006,Labrador_Retriever_&_Great_Dane
48444009,American_Staffordshire_Terrier
48444003,Black_Labrador_Retriever
48444007,Mixed_Breed
48444009,American_Staffordshire_Terrier
48444008,Mixed_Breed
48444011,American_Staffordshire_Terrier
48444012,American_Staffordshire_Terrier
48444010,Shepherd
48444006,Labrador_Retriever_&_Great_Dane
48434275,Jack_Russell_Terrier
48433758,Hound
48433759,Black_Labrador_Retriever_&_German_Shepherd_Dog
48433757,Black_Labrador_Retriever_&_Basset_Hound
48383489,Labrador_Retriever
48381730,Labrador_Retriever
48308330,Shepherd
48308331,Labrador_Retriever
48308329,Blue_Lacy
48231174,Black_Labrador_Retriever
48089928,Mixed_Breed
48001570,American_Staffordshire_Terrier
47997162,Terrier
47787282,American_Staffordshire_Terrier
46513901,Catahoula_Leopard_Dog
45718385,Chocolate_Labrador_Retriever
44750878,American_Staffordshire_Terrier
41767497,Pit_Bull_Terrier
48490855,Terrier
48490829,Pointer
48490801,Beagle
48490655,Catahoula_Leopard_Dog_&_Great_Pyrenees
48490542,Shepherd
48490521,Papillon_&_Chihuahua
48444760,German_Shepherd_Dog
48403505,Terrier
48403452,Chihuahua
48403366,Labrador_Retriever
48403237,Chiweenie
48403048,Labrador_Retriever
48403016,American_Bulldog
48226629,German_Shepherd_Dog
48057735,German_Shepherd_Dog
47967246,German_Shepherd_Dog
47901258,Rat_Terrier
47529857,Rat_Terrier
47346210,German_Shepherd_Dog
47282350,German_Shepherd_Dog
47157537,German_Shepherd_Dog
45238757,German_Shepherd_Dog
48469571,Mixed_Breed
48467705,Yorkshire_Terrier
48461249,Mixed_Breed
48454664,Mixed_Breed
48445461,Beagle
48391002,Mixed_Breed
48361917,Chihuahua
48360609,Labrador_Retriever
48261012,Mixed_Breed
48239047,Mixed_Breed
48220623,Mixed_Breed
48180229,Mixed_Breed
48165559,Mixed_Breed
48165541,Mixed_Breed
48165572,Mixed_Breed
48165523,Mixed_Breed
48165549,Mixed_Breed
48165539,Mixed_Breed
48156574,Australian_Cattle_Dog_/_Blue_Heeler
48090824,Dachshund
48090629,Cairn_Terrier
48019477,Chihuahua
47519700,Chihuahua
41227161,Hound
48485395,Belgian_Shepherd_/_Malinois
48409080,Staffordshire_Bull_Terrier
48409038,Boxer
48404974,American_Bulldog_&_Pit_Bull_Terrier
48373840,Pointer_&_Bloodhound
48360646,Australian_Cattle_Dog_/_Blue_Heeler
47931095,American_Staffordshire_Terrier
48493962,Mixed_Breed
48493946,Mixed_Breed
48493914,Mixed_Breed
48474020,Mixed_Breed
48474008,Mixed_Breed
48467220,Mixed_Breed
48467214,Mixed_Breed
48467146,Mixed_Breed
48459176,Mixed_Breed
48459160,Mixed_Breed
48459145,Mixed_Breed
48459122,Mixed_Breed
48459108,Mixed_Breed
48459079,Mixed_Breed
48459013,Mixed_Breed
48459010,Labrador_Retriever
48438557,Mixed_Breed
48350588,Mixed_Breed
48350441,German_Shepherd_Dog
48343779,Mixed_Breed
48318940,Mixed_Breed
48288309,Mixed_Breed
48281638,Mixed_Breed
48274717,Mixed_Breed
48267190,Mixed_Breed
48267152,Mixed_Breed
48265467,Mixed_Breed
48265437,Mixed_Breed
48264765,Mixed_Breed
47933180,Mixed_Breed
47745190,Mixed_Breed
47343779,Mixed_Breed
46875089,Mixed_Breed
46273648,Mixed_Breed
45801816,Mixed_Breed
45801607,Mixed_Breed
44938730,Mixed_Breed
42782204,Mixed_Breed
41577743,Mixed_Breed
48493402,Terrier
48448497,Shepherd_&_Great_Pyrenees
48448496,German_Shepherd_Dog
48448500,Husky
48448501,Terrier
48448498,Pit_Bull_Terrier
48448499,Border_Collie
48427929,Shepherd
48427923,Shepherd
48358118,Black_Mouth_Cur
48335266,Border_Collie_&_Husky
48325677,Border_Collie
48244443,Pit_Bull_Terrier
48225731,Pit_Bull_Terrier
48100133,Labrador_Retriever
48093832,Terrier
47929212,Pit_Bull_Terrier
47754891,Doberman_Pinscher
47659960,Pit_Bull_Terrier
47522685,Staffordshire_Bull_Terrier
47509456,Boxer_&_Shar-Pei
46977668,Australian_Cattle_Dog_/_Blue_Heeler
46491664,Great_Dane
45811144,Pit_Bull_Terrier
45811101,Labrador_Retriever_&_Shepherd
45811088,Australian_Cattle_Dog_/_Blue_Heeler_&_Pit_Bull_Terrier
48496002,Chihuahua
48496001,Jack_Russell_Terrier_&_Dachshund
48390692,Boxer
48319328,Boxer
48265601,Hound_&_Labrador_Retriever
48265600,Toy_Fox_Terrier
48265602,Labrador_Retriever
48265599,Hound_&_Black_Labrador_Retriever
48249159,Toy_Fox_Terrier
48143887,Shepherd_&_Black_Labrador_Retriever
47996269,Boxer_&_American_Staffordshire_Terrier
47831660,Black_Labrador_Retriever
47659092,Catahoula_Leopard_Dog_&_Smooth_Collie
47358723,Labrador_Retriever_&_Smooth_Collie
46686822,Flat-Coated_Retriever_&_Smooth_Collie
43484793,Labrador_Retriever
48495396,Pit_Bull_Terrier
48495395,Shepherd
48488786,Pit_Bull_Terrier
48488785,Cattle_Dog_&_Terrier
48488267,Husky
48488268,Boxer_&_Labrador_Retriever
48488266,Husky
48483805,Rottweiler
48477262,Anatolian_Shepherd
48476456,Beagle_&_Akita
48475885,Retriever_&_Great_Pyrenees
48470808,Labrador_Retriever
48468032,Australian_Cattle_Dog_/_Blue_Heeler
48468031,Australian_Cattle_Dog_/_Blue_Heeler
48444002,German_Shepherd_Dog
48441491,Labrador_Retriever_&_Great_Pyrenees
48441489,Pit_Bull_Terrier
48434882,Cattle_Dog
48434881,Hound_&_Pit_Bull_Terrier
48433051,Pit_Bull_Terrier
48414388,Australian_Cattle_Dog_/_Blue_Heeler
48413573,Labrador_Retriever
48403840,German_Shepherd_Dog
48403839,Retriever
48403838,German_Shepherd_Dog
48399262,Pit_Bull_Terrier
48394569,Cardigan_Welsh_Corgi_&_Terrier
48393997,Pit_Bull_Terrier
48384909,Plott_Hound
48384910,Shepherd
48384194,Labrador_Retriever
48374037,Terrier
48374034,Australian_Cattle_Dog_/_Blue_Heeler
48372337,Mastiff_&_Boxer
48370031,Shepherd
48363550,Black_Mouth_Cur
48354148,Boxer
48353572,Chihuahua
48348448,Australian_Cattle_Dog_/_Blue_Heeler
48336959,Cattle_Dog
48312718,Boston_Terrier
48308970,Retriever_&_German_Shepherd_Dog
48301840,Retriever
48301839,Retriever
48292428,Pit_Bull_Terrier
48278142,Retriever_&_Shar-Pei
48274900,Shepherd
48187088,Black_Labrador_Retriever
48128119,Pit_Bull_Terrier
47958393,Mountain_Cur
47756051,Akita
33715319,American_Staffordshire_Terrier
48345369,Labrador_Retriever
48345088,German_Shepherd_Dog
48345076,Australian_Shepherd
48040859,Boxer
48445846,Staffordshire_Bull_Terrier
48445848,Catahoula_Leopard_Dog_&_American_Staffordshire_Terrier
48435769,American_Staffordshire_Terrier
48435011,American_Staffordshire_Terrier
48435012,Mastiff_&_American_Staffordshire_Terrier
48435013,Chihuahua
48432567,Shepherd
48420982,German_Shepherd_Dog_&_Labrador_Retriever
48398585,American_Staffordshire_Terrier
48384374,Great_Pyrenees_&_German_Shorthaired_Pointer
48373427,Chihuahua
48373431,Shepherd
48369504,American_Staffordshire_Terrier
48176483,Shepherd_&_American_Staffordshire_Terrier
48172531,Shepherd
48151495,Labrador_Retriever_&_Hound
48032568,Chihuahua
48026580,American_Staffordshire_Terrier
47935434,Labrador_Retriever
47774699,American_Staffordshire_Terrier
48455632,Pit_Bull_Terrier
48408477,Basenji_&_Beagle
48397407,Labrador_Retriever_&_Cattle_Dog
48388930,Retriever
48235327,Catahoula_Leopard_Dog
48235221,Carolina_Dog_&_Chihuahua
48142677,Yorkshire_Terrier
47921502,American_Staffordshire_Terrier
47919130,American_Staffordshire_Terrier_&_Pit_Bull_Terrier
47914204,Chihuahua_&_Beagle
47914191,Chihuahua_&_Beagle
47771518,American_Staffordshire_Terrier
47769119,Australian_Kelpie
47695256,Husky_&_Australian_Kelpie
47668302,Pit_Bull_Terrier
47622997,Great_Pyrenees_&_Akbash
47435668,English_Bulldog_&_Boxer
47341113,Australian_Shepherd
47328220,Beagle_&_German_Shepherd_Dog
47328117,Rottweiler
47310048,German_Shepherd_Dog
47309647,Border_Collie_&_Great_Pyrenees
47300201,American_Bully_&_American_Staffordshire_Terrier
47299999,Labrador_Retriever_&_German_Shepherd_Dog
47299968,American_Staffordshire_Terrier_&_Pit_Bull_Terrier
47290569,German_Shepherd_Dog
47290535,German_Shepherd_Dog
47290493,American_Staffordshire_Terrier_&_American_Bulldog
47282133,Cattle_Dog_&_American_Staffordshire_Terrier
41393434,Mountain_Cur_&_Plott_Hound
41383528,American_Bulldog
41383526,Pit_Bull_Terrier
41377020,American_Staffordshire_Terrier
41377021,Labrador_Retriever
41373413,Boxer_&_Pit_Bull_Terrier
41373414,Australian_Cattle_Dog_/_Blue_Heeler_&_Pit_Bull_Terrier
41373416,Australian_Cattle_Dog_/_Blue_Heeler_&_Jack_Russell_Terrier
41373415,Australian_Kelpie_&_Australian_Cattle_Dog_/_Blue_Heeler
41373411,Australian_Cattle_Dog_/_Blue_Heeler_&_Jack_Russell_Terrier
41363747,Shar-Pei_&_Pit_Bull_Terrier
41354738,Australian_Cattle_Dog_/_Blue_Heeler_&_Pit_Bull_Terrier
38415073,American_Bulldog
38415075,Terrier_&_German_Shepherd_Dog
38415079,Australian_Cattle_Dog_/_Blue_Heeler_&_Pit_Bull_Terrier
38415080,Pit_Bull_Terrier_&_Australian_Cattle_Dog_/_Blue_Heeler
15346906,Greyhound_&_Labrador_Retriever
14817712,Border_Collie_&_Labrador_Retriever
47992828,Border_Collie_&_Great_Dane
48459638,Border_Collie_&_Labrador_Retriever
48459636,Border_Collie_&_Labrador_Retriever
48459637,Border_Collie_&_Labrador_Retriever
47984783,American_Staffordshire_Terrier_&_Pit_Bull_Terrier
47387518,Australian_Cattle_Dog_/_Blue_Heeler
47387520,German_Shepherd_Dog_&_Labrador_Retriever
45419964,Beagle_&_Brittany_Spaniel
48435684,Dachshund
48435678,Shepherd
48317919,Terrier
48317874,English_Toy_Spaniel
47500181,Cattle_Dog
47154939,Pit_Bull_Terrier
46973961,Pit_Bull_Terrier
46553382,Labrador_Retriever_&_Patterdale_Terrier_/_Fell_Terrier
45753247,American_Staffordshire_Terrier
48466838,Pharaoh_Hound_&_Labrador_Retriever
48437987,German_Shepherd_Dog_&_Black_Mouth_Cur
48272915,Chihuahua_&_Dachshund
48069036,Coonhound_&_Pointer
48069034,Boxer_&_Mastiff
47961374,Labrador_Retriever
47877836,Plott_Hound
47359098,Labrador_Retriever
45810751,Husky_&_Affenpinscher
45810707,Chihuahua_&_Miniature_Pinscher
45810699,Chihuahua_&_Miniature_Pinscher
45810731,Pit_Bull_Terrier
47100330,American_Staffordshire_Terrier
47100317,Yellow_Labrador_Retriever
38661451,Labrador_Retriever
37530527,Labrador_Retriever
36558905,Shepherd_&_Yellow_Labrador_Retriever
36558879,American_Staffordshire_Terrier_&_Labrador_Retriever
36558802,Golden_Retriever
36553469,Boxer_&_Labrador_Retriever
48493325,Pit_Bull_Terrier
48493321,Shar-Pei_&_Labrador_Retriever
48482857,Labrador_Retriever
48482842,Collie_&_Australian_Shepherd
48473915,American_Staffordshire_Terrier
48466861,Labrador_Retriever_&_Catahoula_Leopard_Dog
48466852,Pit_Bull_Terrier
48466854,Beagle
48458825,Shepherd_&_Terrier
48458826,German_Shepherd_Dog
48448943,Chihuahua_&_Whippet
48438043,Hound
48438042,Labrador_Retriever
48427984,Shepherd
48417620,Rottweiler_&_Labrador_Retriever
48417613,Chihuahua
48417594,Cattle_Dog_&_Australian_Cattle_Dog_/_Blue_Heeler
48417606,Australian_Cattle_Dog_/_Blue_Heeler_&_Hound
48388637,Labrador_Retriever_&_Pit_Bull_Terrier
48388635,American_Staffordshire_Terrier
48367959,Labrador_Retriever_&_Shepherd
48358367,Pit_Bull_Terrier
48325588,Retriever_&_Rhodesian_Ridgeback
48305921,Pit_Bull_Terrier
48305923,Labrador_Retriever
48280762,Pit_Bull_Terrier
48254350,Pit_Bull_Terrier
48254341,Whippet_&_Terrier
48234468,Chihuahua_&_Terrier
48184562,Labrador_Retriever
48156109,Labrador_Retriever
48148877,Labrador_Retriever
48492502,Terrier
48492492,Dachshund_&_Terrier
48492468,Dachshund
48021831,Labrador_Retriever_&_Boxer
47976755,Terrier_&_Beagle
47976645,Shepherd_&_Terrier
46325140,Shepherd
45175785,Terrier
45175781,Terrier
44002279,Terrier
41311827,Terrier
40698178,Australian_Kelpie_&_Terrier
40698133,Australian_Kelpie_&_Terrier
40698116,Australian_Kelpie_&_Terrier
48496943,Terrier
48496680,Dachshund
48485400,Husky
48480645,Rottweiler
48470143,Wirehaired_Terrier
48470138,Wirehaired_Terrier
48470130,Wirehaired_Terrier
48468292,Labrador_Retriever
48460354,Labrador_Retriever
48460353,Labrador_Retriever
48458610,Border_Collie_&_Terrier
48448408,Miniature_Pinscher
48437031,Rat_Terrier_&_Dachshund
48413615,Wire_Fox_Terrier
48396856,Cattle_Dog
48379333,Labrador_Retriever_&_American_Staffordshire_Terrier
48378077,Labrador_Retriever_&_American_Staffordshire_Terrier
48378076,Labrador_Retriever_&_American_Staffordshire_Terrier
48364187,German_Shorthaired_Pointer
48330430,Anatolian_Shepherd
48302983,Border_Collie_&_Labrador_Retriever
48279431,Labrador_Retriever
48218172,Pit_Bull_Terrier
48191158,Boxer_&_Hound
48106385,Pit_Bull_Terrier_&_American_Bulldog
48017029,Redbone_Coonhound
47895546,Boxer
47876650,Pit_Bull_Terrier
47306721,Labrador_Retriever
42950195,Pit_Bull_Terrier
34988116,Hound
34498676,Treeing_Walker_Coonhound
33586805,Hound
33333443,Rhodesian_Ridgeback_&_Catahoula_Leopard_Dog
33211737,Black_and_Tan_Coonhound
33211345,English_Coonhound
28646564,Hound
28624763,Catahoula_Leopard_Dog
28624721,Great_Pyrenees
28624070,Treeing_Walker_Coonhound
28623959,Treeing_Walker_Coonhound
28623933,Rhodesian_Ridgeback_&_Redbone_Coonhound
28601234,Rhodesian_Ridgeback
28600575,Pointer
25972163,Rhodesian_Ridgeback
19217634,Bullmastiff_&_Labrador_Retriever
19217615,Labrador_Retriever_&_German_Shepherd_Dog
15058161,Rhodesian_Ridgeback
48375604,Hound
48375605,Mixed_Breed
48375020,Hound
48069480,Siberian_Husky
47769815,Hound
47280488,Yellow_Labrador_Retriever
46796774,Boxer_&_Black_Mouth_Cur
46575967,Australian_Cattle_Dog_/_Blue_Heeler_&_German_Shepherd_Dog
46139343,Pit_Bull_Terrier_&_Dalmatian
44467499,Catahoula_Leopard_Dog
36220911,American_Bulldog_&_Pit_Bull_Terrier
30958563,American_Staffordshire_Terrier_&_Cattle_Dog
29198570,American_Staffordshire_Terrier
26648845,American_Staffordshire_Terrier
48488544,Labrador_Retriever
48488428,Boxer
48488384,Labrador_Retriever
48479746,Labrador_Retriever
48476902,Husky
48476804,Chihuahua
48422457,Labrador_Retriever
48422432,Mixed_Breed
48422078,Wirehaired_Pointing_Griffon
48381040,Retriever
48302483,Labrador_Retriever
48300049,Pit_Bull_Terrier
48179311,Mixed_Breed
48118604,Shepherd
48065174,Blue_Lacy
47716246,Cairn_Terrier
47518578,Staffordshire_Bull_Terrier
47315216,American_Bulldog_&_Weimaraner
44921869,Hound
44916262,Rottweiler
40018880,Poodle_&_Terrier
48364272,English_Setter
48203770,English_Setter_&_Hound
48468280,Shepherd
48374507,Shar-Pei_&_Labrador_Retriever
48346590,Terrier
48077948,Rottweiler
47233083,Shepherd
46655327,Terrier_&_Weimaraner
44817428,Saluki
41222502,Labrador_Retriever
24638526,Australian_Cattle_Dog_/_Blue_Heeler_&_Shepherd
48484769,Black_and_Tan_Coonhound
48484180,Pit_Bull_Terrier
48469055,American_Staffordshire_Terrier
48455052,Pit_Bull_Terrier
48455051,Pit_Bull_Terrier_&_Basset_Hound
48429596,Pit_Bull_Terrier
48405326,Pit_Bull_Terrier
48381229,Pit_Bull_Terrier
48373515,Pit_Bull_Terrier
48350023,Pit_Bull_Terrier
48323100,Pit_Bull_Terrier
48171142,Border_Collie
47916251,Husky_&_Retriever
47260000,Pit_Bull_Terrier
48499673,Shepherd
48474270,Tennessee_Treeing_Brindle
48474238,Poodle
48474229,Basenji
48460177,Yellow_Labrador_Retriever
48298364,Catahoula_Leopard_Dog
48297116,Shepherd
48230385,Mixed_Breed
48170952,American_Staffordshire_Terrier
48149819,Staffordshire_Bull_Terrier
48127347,Staffordshire_Bull_Terrier
47292679,Terrier_&_Hound
47282952,Labrador_Retriever
46895609,Shepherd
45665959,American_Staffordshire_Terrier_&_Labrador_Retriever
37036429,American_Staffordshire_Terrier_&_Rottweiler
27756530,Labrador_Retriever_&_Shar-Pei
27756514,Labrador_Retriever_&_Shar-Pei
27756385,Beauceron_&_Wheaten_Terrier
27425534,Labrador_Retriever
48498122,Mixed_Breed
48471080,Mixed_Breed
48444305,Mixed_Breed
48440367,Mixed_Breed
48337271,Mixed_Breed
48297671,Mixed_Breed
48297673,Mixed_Breed
48168224,Mixed_Breed
48167083,Mixed_Breed
48167097,Mixed_Breed
48167105,Mixed_Breed
48167089,Mixed_Breed
48167103,Mixed_Breed
48167096,Mixed_Breed
48167086,Mixed_Breed
48167111,Mixed_Breed
48426269,Australian_Kelpie_&_Border_Collie
37547628,Shepherd_&_Labrador_Retriever
37547605,Labrador_Retriever
34559432,Cattle_Dog
29765002,Spitz_&_Setter
28827937,Hound_&_Yellow_Labrador_Retriever
27886431,Husky
27886336,Yellow_Labrador_Retriever_&_Hound
26834625,Black_Mouth_Cur_&_Shepherd
26698604,Border_Collie_&_Labrador_Retriever
26518205,Yellow_Labrador_Retriever_&_Shepherd
26416835,Greyhound_&_Vizsla
26110404,Border_Collie_&_Labrador_Retriever
48419798,Anatolian_Shepherd_&_Great_Pyrenees
48233507,Yorkshire_Terrier
48410142,Pit_Bull_Terrier
48248556,Pit_Bull_Terrier
48366824,Basenji
48366810,American_Staffordshire_Terrier
48051180,Chihuahua
47848957,Rottweiler
47775776,Plott_Hound
47714952,Chihuahua
48426106,Shepherd
48371253,Pit_Bull_Terrier
48371251,Labrador_Retriever
48351752,Labrador_Retriever
48216573,Pit_Bull_Terrier
48073902,Pit_Bull_Terrier
48023056,Pit_Bull_Terrier
47340201,American_Staffordshire_Terrier_&_Pit_Bull_Terrier
47340162,Terrier
47339903,Labrador_Retriever
47339854,Chihuahua_&_Terrier
47339841,Beagle
47339834,Beagle
47339424,Border_Collie
47339368,Pit_Bull_Terrier_&_Basset_Hound
47339294,Labrador_Retriever_&_Terrier
47339255,Pit_Bull_Terrier_&_Labrador_Retriever
47339238,Catahoula_Leopard_Dog
47339166,Labrador_Retriever
47339100,Labrador_Retriever
47339092,German_Shepherd_Dog_&_Shepherd
47339010,Border_Collie_&_Terrier
47338996,Border_Collie
47338874,Chihuahua
47096359,Shepherd_&_Shiba_Inu
48173498,Shepherd
47398241,Pit_Bull_Terrier
48493912,Chihuahua
48493951,Chihuahua
48493984,Chihuahua
48496480,Wheaten_Terrier
48495488,Wheaten_Terrier
48493910,Chihuahua
48493886,Chihuahua
48488731,Jack_Russell_Terrier
48449566,Irish_Terrier
48440217,Chihuahua
48365954,Pit_Bull_Terrier_&_Labrador_Retriever
48354116,Rat_Terrier
48332176,Boxer_&_American_Staffordshire_Terrier
48289630,Jack_Russell_Terrier
48095632,Dachshund
47984535,Boxer
46768922,Great_Pyrenees_&_Akita
45023904,Chihuahua
45023797,Chihuahua
48490172,German_Shepherd_Dog
48489915,Shepherd
48486981,Boxer
48486838,Labrador_Retriever
48486079,Labrador_Retriever
48485723,Labrador_Retriever_&_Great_Pyrenees
48485497,Siberian_Husky
48373446,Boxer
48373347,Shepherd
48373064,Plott_Hound
48372906,Labrador_Retriever
48221214,Labrador_Retriever
48016187,Siberian_Husky
47947698,Black_Mouth_Cur
47621198,Shepherd
48489054,Hound
48482339,Labrador_Retriever
48327927,Labrador_Retriever
48326258,Labrador_Retriever
48326223,Labrador_Retriever_&_Shepherd
48326221,Collie
48304451,Wheaten_Terrier
48304426,Labrador_Retriever
48275145,Labrador_Retriever
48092936,Shepherd_&_Labrador_Retriever
48068112,Labrador_Retriever
48068084,Labrador_Retriever
48068070,Labrador_Retriever
48067923,Labrador_Retriever
48058336,Staffordshire_Bull_Terrier
47939666,Poodle
47911272,Labrador_Retriever
47792625,Chihuahua
47792616,Schnauzer
47792600,Shepherd
47792562,Boxer
47792522,Shepherd
47792506,Chihuahua
47357097,Chihuahua
46679700,Shepherd
43433718,Shih_Tzu
41126777,Border_Terrier
40831988,Boxer
40156118,Labrador_Retriever_&_American_Bulldog
37659909,Labrador_Retriever
36386980,Chihuahua
35891076,Miniature_Pinscher_&_Chihuahua
35855250,Chihuahua
35695050,Chihuahua_&_Terrier
34875011,Labrador_Retriever
22612611,Terrier_&_Labrador_Retriever
48494252,Dachshund
48494253,Dachshund
48478143,Dachshund
48478045,Dachshund
48476640,Collie_&_Chihuahua
48310839,Dachshund
48239855,Dachshund
48238425,Dachshund
48175124,Dachshund
48168034,Dachshund_&_Chihuahua
48107303,American_Staffordshire_Terrier
48107204,American_Staffordshire_Terrier
48057290,Mixed_Breed
48057219,Mixed_Breed
48010433,Dachshund
47956562,American_Staffordshire_Terrier
47854411,Dachshund_&_Chihuahua
47703980,Dachshund
47265844,Boxer
46775723,Dachshund_&_Basset_Hound
46711722,Vizsla
46711723,Vizsla
46711691,Doberman_Pinscher_&_Chihuahua
45707869,Black_Mouth_Cur
44955922,Labrador_Retriever_&_Collie
44955921,German_Shepherd_Dog_&_Collie
44947824,Border_Collie_&_German_Shepherd_Dog
44947828,Border_Collie_&_German_Shepherd_Dog
44947826,Border_Collie_&_German_Shepherd_Dog
44947823,Border_Collie_&_German_Shepherd_Dog
44947827,Border_Collie_&_German_Shepherd_Dog
44163014,Cocker_Spaniel_&_Retriever
43387942,American_Staffordshire_Terrier
42920960,Australian_Cattle_Dog_/_Blue_Heeler_&_Labrador_Retriever
42920944,Labrador_Retriever_&_Boxer
40858040,Dachshund
38295664,Dachshund
38708836,German_Shepherd_Dog
36490380,Australian_Kelpie
35235876,German_Shepherd_Dog
33192137,German_Shepherd_Dog
30278085,German_Shepherd_Dog
24768132,German_Shepherd_Dog
24638315,Pointer
48455362,Mixed_Breed
48454792,Pit_Bull_Terrier
48454793,Chihuahua
48304834,Catahoula_Leopard_Dog
48281942,Whippet
48002173,Labrador_Retriever
47890710,Labrador_Retriever
48479434,Border_Collie
48453638,German_Shepherd_Dog_&_Labrador_Retriever
48453636,German_Shepherd_Dog_&_Labrador_Retriever
48453635,German_Shepherd_Dog_&_Labrador_Retriever
48453634,German_Shepherd_Dog_&_Labrador_Retriever
48453640,German_Shepherd_Dog_&_Labrador_Retriever
48453637,German_Shepherd_Dog_&_Labrador_Retriever
48453639,German_Shepherd_Dog_&_Labrador_Retriever
48453633,German_Shepherd_Dog_&_Labrador_Retriever
48452076,Dachshund_&_Chihuahua
48452077,Dachshund_&_Chihuahua
48452075,German_Shepherd_Dog_&_Black_Labrador_Retriever
48384040,Mixed_Breed
48380763,American_Bulldog_&_Pit_Bull_Terrier
48380131,American_Bulldog_&_Pit_Bull_Terrier
48380128,Pit_Bull_Terrier
48380129,Shepherd_&_Cattle_Dog
48339737,Treeing_Walker_Coonhound
48300374,Pit_Bull_Terrier
48172345,German_Shepherd_Dog
48110086,Catahoula_Leopard_Dog
48108791,Mixed_Breed
48033646,Beagle_&_Chihuahua
47928124,Border_Collie
47911435,German_Shepherd_Dog
47911436,Yellow_Labrador_Retriever_&_Great_Pyrenees
47326663,Hound
46747434,Boxer_&_American_Staffordshire_Terrier
44719328,Catahoula_Leopard_Dog
48311820,Chihuahua_&_Terrier
47575307,Boxer_&_Hound
47524934,Chow_Chow
45416980,Labrador_Retriever
48154564,Chihuahua
48154567,Chihuahua
47962466,English_Bulldog
47814105,Cattle_Dog
47814122,Australian_Cattle_Dog_/_Blue_Heeler
46739877,Mixed_Breed
48496930,Labrador_Retriever
48496875,Labrador_Retriever
48496573,Retriever
48496532,Retriever
48496495,Retriever
48496386,Retriever
48496318,Retriever
48496201,Retriever
48496182,Retriever
48478994,Anatolian_Shepherd
48478848,Anatolian_Shepherd
48478766,Labrador_Retriever_&_Boxer
48478664,Australian_Cattle_Dog_/_Blue_Heeler_&_Collie
48478605,Chihuahua
48470219,Labrador_Retriever_&_Boxer
48470158,Labrador_Retriever_&_Boxer
48470118,Labrador_Retriever_&_Boxer
48450674,Vizsla_&_Hound
48439611,Chihuahua
48418601,Shepherd
48402994,Terrier
48247209,Hound_&_Retriever
48247035,Hound_&_Retriever
48232729,Terrier
48208987,Chihuahua
47997968,Terrier
47922830,Collie_&_Shepherd
47911365,English_Bulldog
47903934,Bull_Terrier
47860031,Hound
47842196,Great_Pyrenees
46390113,Boxer_&_American_Staffordshire_Terrier
31385106,Mastiff
31287943,Black_Mouth_Cur
48488927,Husky
48475305,Chihuahua
48441482,Husky
48431373,Australian_Shepherd_&_German_Shepherd_Dog
48430487,Shepherd
48331951,Labrador_Retriever_&_Chow_Chow
48424793,Labrador_Retriever
48424721,Shepherd
48201848,Chihuahua
48145478,Dachshund_&_Chihuahua
48145356,Chiweenie
48145691,Shepherd
47796093,Australian_Cattle_Dog_/_Blue_Heeler
48336283,American_Staffordshire_Terrier_&_Pit_Bull_Terrier
48336241,Catahoula_Leopard_Dog_&_Labrador_Retriever
48014757,Great_Dane
48014736,Great_Dane
47699854,Great_Dane
48492509,Terrier
48491711,Brussels_Griffon_&_Terrier
48491712,Great_Pyrenees
48491625,Old_English_Sheepdog
48491368,Hound
48491222,Terrier
48491221,Terrier
48491220,Terrier
48490966,Terrier
48490965,Terrier
48489720,Dachshund
48489719,Dachshund
48481496,Terrier_&_Shepherd
48474581,American_Staffordshire_Terrier_&_Boxer
48473075,Siberian_Husky_&_Great_Dane
48472210,Schnauzer
48464760,German_Shepherd_Dog
48444221,Klee_Kai
48423258,Shepherd
48416505,Great_Dane_&_Husky
48416504,Great_Dane_&_Husky
48416230,English_Bulldog
48406096,Basenji
48399507,Terrier
48397851,Retriever
48375359,Hound
48341185,Tibetan_Terrier
48328429,Australian_Cattle_Dog_/_Blue_Heeler
48304412,Shepherd
48290727,Husky_&_Labrador_Retriever
48290445,Mastiff
48290447,Great_Dane
48290444,Great_Dane
48285135,Shetland_Sheepdog_/_Sheltie
48262262,Labrador_Retriever
48103033,Chihuahua
48070494,Chihuahua_&_Dachshund
48067891,Labrador_Retriever_&_German_Shepherd_Dog
48050700,Great_Dane_&_Mastiff
46287046,Chihuahua
48050572,Retriever
47829071,Corgi
47356043,Labrador_Retriever_&_Shepherd
46893878,Pit_Bull_Terrier_&_Labrador_Retriever
45286857,Shih_Tzu
42208573,Chihuahua
35293970,Terrier
29192327,Chihuahua
29192297,Terrier
29106262,Schnauzer_&_Terrier
27780370,Chihuahua
27707692,Shih_Tzu_&_Terrier
48447811,Beagle_&_Australian_Cattle_Dog_/_Blue_Heeler
48399975,Chihuahua
48399974,Black_Labrador_Retriever
48399684,Yellow_Labrador_Retriever_&_Shar-Pei
48053072,Fox_Terrier_&_Labrador_Retriever
47997905,Terrier_&_Shepherd
47836217,Anatolian_Shepherd
47648644,Labrador_Retriever
46888014,Labrador_Retriever_&_Boxer
46815807,Cattle_Dog
45012477,Labrador_Retriever
45006479,Shepherd
45006478,Shepherd
43447902,Terrier
40535118,Labrador_Retriever_&_Hound
38431419,Whippet_&_Chihuahua
38431420,Whippet_&_Chihuahua
38431421,Whippet_&_Chihuahua
48288554,Hound_&_Greyhound
47570934,Labrador_Retriever_&_Cattle_Dog
47570894,Australian_Cattle_Dog_/_Blue_Heeler_&_Cattle_Dog
47467717,American_Staffordshire_Terrier_&_Hound
47467663,Black_Mouth_Cur_&_Terrier
47467264,Bull_Terrier_&_Mountain_Cur
47466220,Pit_Bull_Terrier_&_Hound
47466201,Australian_Cattle_Dog_/_Blue_Heeler_&_Border_Collie
47466194,Mountain_Cur_&_Terrier
47466148,Mountain_Cur_&_Beagle
46855582,Catahoula_Leopard_Dog_&_Labrador_Retriever
46855395,Black_Mouth_Cur_&_American_Bully
46855322,Shepherd_&_Australian_Cattle_Dog_/_Blue_Heeler
45885432,American_Staffordshire_Terrier
45885384,Spitz_&_Labrador_Retriever
45885375,Boxer
45885238,Labrador_Retriever_&_American_Staffordshire_Terrier
45135989,Catahoula_Leopard_Dog_&_Black_Mouth_Cur
45134474,Chihuahua
44160136,Black_Mouth_Cur_&_Catahoula_Leopard_Dog
44160105,Catahoula_Leopard_Dog_&_Mountain_Cur
44101117,Labrador_Retriever_&_American_Staffordshire_Terrier
44101187,American_Staffordshire_Terrier
43957980,Australian_Cattle_Dog_/_Blue_Heeler_&_Terrier
43957977,Mountain_Cur_&_Beagle
43957971,Beagle_&_Mountain_Cur
43783454,Beagle_&_Hound
43783436,Beagle_&_Hound
43408654,Black_Mouth_Cur_&_Labrador_Retriever
43163247,Hound
43064833,Mountain_Cur_&_Rat_Terrier
43064498,American_Staffordshire_Terrier
42473702,Labrador_Retriever_&_Border_Collie
42473697,Labrador_Retriever
42399100,Dachshund_&_Beagle
42399096,Beagle_&_Border_Collie
42399091,Rat_Terrier_&_Beagle
42399084,Mountain_Cur_&_Beagle
42399068,Labrador_Retriever
42399062,Rat_Terrier_&_Border_Collie
42399034,Black_Mouth_Cur_&_Cattle_Dog
42275583,Border_Collie
41606544,Mountain_Cur_&_Dachshund
41517494,Black_Mouth_Cur_&_Labrador_Retriever
41356698,Labrador_Retriever
41356534,Labrador_Retriever
41356167,Australian_Cattle_Dog_/_Blue_Heeler_&_Cattle_Dog
40759040,Labrador_Retriever_&_American_Staffordshire_Terrier
39810556,Border_Collie_&_Labrador_Retriever
39810491,Australian_Cattle_Dog_/_Blue_Heeler_&_Dachshund
39810448,Labrador_Retriever_&_Black_Mouth_Cur
39810222,Labrador_Retriever
39810153,Labrador_Retriever
39809853,Labrador_Retriever
39807245,Australian_Cattle_Dog_/_Blue_Heeler
39807230,American_Staffordshire_Terrier_&_Pit_Bull_Terrier
39807208,American_Staffordshire_Terrier
39807188,American_Staffordshire_Terrier
39807153,American_Staffordshire_Terrier
39807137,Pit_Bull_Terrier
39807103,Akita_&_American_Staffordshire_Terrier
39807057,American_Staffordshire_Terrier
39807029,American_Staffordshire_Terrier_&_Labrador_Retriever
39807015,American_Staffordshire_Terrier
39807003,Black_Mouth_Cur_&_Catahoula_Leopard_Dog
39806993,American_Staffordshire_Terrier_&_Pit_Bull_Terrier
39806978,Labrador_Retriever
39792251,Chihuahua
39573334,American_Staffordshire_Terrier
39573296,Labrador_Retriever_&_Terrier
39573238,Catahoula_Leopard_Dog_&_Black_Mouth_Cur
39573199,American_Staffordshire_Terrier
39573167,Labrador_Retriever_&_American_Staffordshire_Terrier
39573135,American_Staffordshire_Terrier
39573081,American_Staffordshire_Terrier
39153250,American_Bulldog
37569498,Labrador_Retriever
37569486,Labrador_Retriever
33518439,Pit_Bull_Terrier
28754848,Labrador_Retriever
28623474,Dutch_Shepherd
26645035,Yellow_Labrador_Retriever
24092456,Terrier
22505564,Hound
15448357,Shepherd
14545659,Labrador_Retriever
13340379,American_Staffordshire_Terrier
13340288,American_Staffordshire_Terrier
13340380,Pit_Bull_Terrier
42345415,Chihuahua_&_Dachshund
48321580,Labrador_Retriever_&_American_Staffordshire_Terrier
48094463,Cattle_Dog_&_Labrador_Retriever
48094462,Cattle_Dog_&_Labrador_Retriever
47703783,Terrier_&_Labrador_Retriever
45828629,Labrador_Retriever_&_Hound
45828628,Labrador_Retriever_&_Hound
45828376,Labrador_Retriever_&_Hound
45828308,Labrador_Retriever_&_Hound
45827945,Labrador_Retriever_&_Hound
44403868,Border_Collie_&_Doberman_Pinscher
43993263,German_Shepherd_Dog_&_Black_Mouth_Cur
42532597,Labrador_Retriever
41436358,Labrador_Retriever_&_American_Staffordshire_Terrier
38417628,Basset_Hound_&_Labrador_Retriever
37694838,Labrador_Retriever
34096341,Husky
34078819,Border_Collie
34078814,Basset_Hound_&_Labrador_Retriever
34078809,Border_Collie
48498599,Australian_Cattle_Dog_/_Blue_Heeler
48497728,Terrier_&_Chihuahua
48496806,American_Staffordshire_Terrier
48496805,Collie_&_Cardigan_Welsh_Corgi
48496162,Shepherd
48496113,Terrier_&_Labrador_Retriever
48496112,Golden_Retriever
48496111,Terrier
48496110,Terrier_&_Chihuahua
48495393,Shepherd
48495378,American_Staffordshire_Terrier
48494386,Chow_Chow
48492585,Terrier
48492579,Labrador_Retriever
48492578,Labrador_Retriever
48492577,Australian_Cattle_Dog_/_Blue_Heeler
48492456,American_Staffordshire_Terrier
48491944,Australian_Cattle_Dog_/_Blue_Heeler
48490443,Corgi
48490446,Terrier
48490358,Beagle
48490357,Chihuahua
48490356,Labrador_Retriever
48489374,Chihuahua_&_Dachshund
48489371,Australian_Cattle_Dog_/_Blue_Heeler
48489370,Boxer
48489368,American_Staffordshire_Terrier
48486467,Chihuahua
48485589,Labrador_Retriever
48485588,Terrier
48485586,Terrier_&_Chihuahua
48485587,Terrier_&_Chihuahua
48485585,Australian_Cattle_Dog_/_Blue_Heeler
48484807,American_Staffordshire_Terrier
48484806,American_Staffordshire_Terrier
48484203,Chihuahua
48480597,Chihuahua_&_Pug
48480600,German_Shepherd_Dog
48480599,Labrador_Retriever
48480026,Terrier_&_Black_Labrador_Retriever
48479419,Black_Labrador_Retriever_&_Dachshund
48479267,Cocker_Spaniel
48479265,Labrador_Retriever
48479266,Boxer_&_American_Bulldog
48478589,German_Shepherd_Dog
48478587,Labrador_Retriever
48478588,Australian_Shepherd
48478586,Catahoula_Leopard_Dog
48477949,Pit_Bull_Terrier
48477853,Siberian_Husky
48477852,Chihuahua
48476980,Chow_Chow_&_Boxer
48475732,Rottweiler
48475276,English_Bulldog
48475222,American_Staffordshire_Terrier
48475221,Pomeranian
48473003,Labrador_Retriever
48472169,Labrador_Retriever
48472170,Chihuahua
48471603,Parson_Russell_Terrier
48471602,American_Staffordshire_Terrier
48471267,Boxer_&_American_Staffordshire_Terrier
48470719,American_Staffordshire_Terrier
48470720,Labrador_Retriever
48470218,Labrador_Retriever
48469836,Labrador_Retriever_&_Black_Labrador_Retriever
48469074,Chihuahua
48468656,Terrier
48468660,American_Staffordshire_Terrier
48468657,American_Staffordshire_Terrier
48468654,Boxer
48467960,Cardigan_Welsh_Corgi
48464928,Terrier
48464459,Labrador_Retriever
48462904,Black_Labrador_Retriever
48462784,Chihuahua
48457983,Labrador_Retriever
48457757,American_Staffordshire_Terrier
48456318,American_Staffordshire_Terrier
48456317,Labrador_Retriever
48456316,Husky
48455831,Labrador_Retriever
48455832,American_Staffordshire_Terrier
48455830,Labrador_Retriever
48455186,American_Staffordshire_Terrier
48455183,Pit_Bull_Terrier_&_Labrador_Retriever
48455177,Labrador_Retriever
48455174,American_Staffordshire_Terrier
48455175,Labrador_Retriever
48452020,Terrier
48447850,American_Staffordshire_Terrier
48447692,Labrador_Retriever
48446966,American_Staffordshire_Terrier
48446965,American_Staffordshire_Terrier
48446963,Chihuahua
48446659,Shepherd
48446509,Fox_Terrier
48445299,Labrador_Retriever
48445300,Labrador_Retriever
48445297,Labrador_Retriever
48445294,Labrador_Retriever
48444605,American_Staffordshire_Terrier
48444606,German_Shepherd_Dog
48444602,American_Staffordshire_Terrier
48442035,Terrier
48441488,Terrier
48441260,Terrier
48440523,German_Shepherd_Dog
48440520,Labrador_Retriever
48440519,Australian_Cattle_Dog_/_Blue_Heeler
48439756,German_Shepherd_Dog
48437325,American_Staffordshire_Terrier
48437323,Rottweiler
48437141,German_Shepherd_Dog
48436562,Labrador_Retriever
48436561,American_Staffordshire_Terrier
48436142,Hound
48435277,Poodle
48435276,Siberian_Husky
48435275,American_Staffordshire_Terrier
48432847,Labrador_Retriever
48432846,American_Staffordshire_Terrier
48432843,Labrador_Retriever
48431124,Plott_Hound
48430346,Labrador_Retriever
48430347,Labrador_Retriever
48427088,American_Staffordshire_Terrier
48425268,Chihuahua
48424610,Labrador_Retriever
48424605,Labrador_Retriever
48423880,Chihuahua
48423881,Chihuahua
48423878,American_Staffordshire_Terrier
48423086,Labrador_Retriever
48422318,Mastiff
48419797,Labrador_Retriever
48419796,Labrador_Retriever_&_American_Staffordshire_Terrier
48416079,Chihuahua
48414044,Labrador_Retriever
48413162,Labrador_Retriever_&_Rottweiler
48411944,Labrador_Retriever
48411476,Shepherd
48411220,American_Staffordshire_Terrier
48411217,Labrador_Retriever
48410387,American_Staffordshire_Terrier
48407022,American_Staffordshire_Terrier
48406734,American_Staffordshire_Terrier
48405937,American_Staffordshire_Terrier
48404822,Plott_Hound
48394805,American_Staffordshire_Terrier
48394382,American_Staffordshire_Terrier
48394381,American_Staffordshire_Terrier
48393239,American_Staffordshire_Terrier
48384570,American_Staffordshire_Terrier
48371790,Pit_Bull_Terrier
48364400,German_Shepherd_Dog
48352303,Chihuahua
48347445,American_Bulldog
48332278,Chihuahua
48328773,Shepherd
48323604,American_Bulldog
48320350,Doberman_Pinscher
48310173,Labrador_Retriever
48307167,American_Staffordshire_Terrier
48294399,American_Staffordshire_Terrier
48283927,Chihuahua
48278098,Chihuahua
48278101,Terrier
48277112,Labrador_Retriever
48276499,Border_Collie
48272135,Retriever_&_Shepherd
48271219,Chihuahua
48261764,American_Staffordshire_Terrier_&_Australian_Cattle_Dog_/_Blue_Heeler
48257123,Boxer_&_American_Staffordshire_Terrier
48255936,Chihuahua
48252114,Siberian_Husky
48250307,Mastiff
48250306,American_Staffordshire_Terrier
48250303,Boxer
48242939,American_Staffordshire_Terrier
48242620,German_Shepherd_Dog
48242610,Labrador_Retriever_&_German_Shepherd_Dog
48229704,Terrier
48223081,American_Staffordshire_Terrier
48213675,American_Staffordshire_Terrier_&_Labrador_Retriever
48213676,German_Shepherd_Dog_&_Husky
48213673,American_Staffordshire_Terrier_&_Labrador_Retriever
48213672,American_Staffordshire_Terrier_&_Labrador_Retriever
48213669,Australian_Cattle_Dog_/_Blue_Heeler
48206877,American_Staffordshire_Terrier
48201450,Border_Collie
48201453,German_Shepherd_Dog_&_Labrador_Retriever
48199867,Siberian_Husky
48190387,Labrador_Retriever
48172225,American_Staffordshire_Terrier
48167980,Labrador_Retriever_&_Yellow_Labrador_Retriever
48151580,Pointer_&_Labrador_Retriever
48151095,Chihuahua
48150615,German_Shepherd_Dog
48150613,German_Shepherd_Dog
48150609,German_Shepherd_Dog
48147512,German_Shepherd_Dog
48128717,German_Shepherd_Dog
48128715,American_Staffordshire_Terrier
48126847,American_Staffordshire_Terrier
48124282,German_Shepherd_Dog
48111223,Labrador_Retriever
48111223,Labrador_Retriever
48097371,American_Staffordshire_Terrier
48083475,Staffordshire_Bull_Terrier
48080037,American_Staffordshire_Terrier
48080029,American_Staffordshire_Terrier
48067472,Terrier
48055389,Labrador_Retriever
48054390,Labrador_Retriever
48044578,Labrador_Retriever
48022952,German_Shepherd_Dog
48022500,Boxer
48012093,Husky
48012092,Mastiff
48012088,Labrador_Retriever
48012087,Labrador_Retriever
48009129,American_Staffordshire_Terrier_&_Labrador_Retriever
47995612,Dachshund
47990321,American_Staffordshire_Terrier_&_Black_Labrador_Retriever
47989534,Labrador_Retriever
47981863,German_Shepherd_Dog
47971391,Labrador_Retriever
47967835,Mastiff
47961902,American_Staffordshire_Terrier
47953679,American_Staffordshire_Terrier
47953677,American_Staffordshire_Terrier
47953676,American_Staffordshire_Terrier
47936840,American_Bulldog
47924896,Hound
47924572,German_Shepherd_Dog_&_Chow_Chow
47910243,American_Staffordshire_Terrier
47909108,Terrier
47897102,Australian_Cattle_Dog_/_Blue_Heeler
47892147,German_Shepherd_Dog
47883631,Labrador_Retriever
47879366,Labrador_Retriever
47878760,Labrador_Retriever
47871705,Pointer
47864736,American_Staffordshire_Terrier
47836749,American_Staffordshire_Terrier
47827506,Labrador_Retriever
47821898,American_Staffordshire_Terrier
47800495,Terrier
47791757,Weimaraner
47783648,Labrador_Retriever
47768063,American_Staffordshire_Terrier
47765773,Labrador_Retriever
47765772,Labrador_Retriever_&_Australian_Cattle_Dog_/_Blue_Heeler
47699295,Labrador_Retriever
47692267,Labrador_Retriever
47692266,American_Staffordshire_Terrier
47691738,American_Staffordshire_Terrier
47691271,American_Bulldog
47671641,Terrier_&_Rhodesian_Ridgeback
47670048,Labrador_Retriever
47669472,Boxer_&_Labrador_Retriever
47669469,Terrier
47669467,American_Staffordshire_Terrier
47658057,American_Staffordshire_Terrier
47641832,Labrador_Retriever
47636530,Terrier
47636527,Terrier
47625346,American_Staffordshire_Terrier_&_Boxer
47614010,Golden_Retriever
47597370,American_Staffordshire_Terrier
47593713,Border_Collie
47590548,American_Staffordshire_Terrier
47584062,Labrador_Retriever
47577942,Labrador_Retriever_&_Rottweiler
47568551,Australian_Cattle_Dog_/_Blue_Heeler
47568231,American_Staffordshire_Terrier_&_Dalmatian
47544037,Labrador_Retriever
47246996,Rottweiler
47184366,Shepherd
47126894,Labrador_Retriever
46815866,Labrador_Retriever
46571389,Shepherd_&_German_Shepherd_Dog
46514062,Shepherd
46152178,American_Staffordshire_Terrier
46049969,Boxer
46028923,Labrador_Retriever
44876357,Labrador_Retriever_&_Rhodesian_Ridgeback
44749381,Basenji_&_Retriever
48419393,Boston_Terrier
48419334,Terrier
48419204,Hound
48017918,Catahoula_Leopard_Dog
47866925,German_Shepherd_Dog
47192877,Boxer
47079742,Pit_Bull_Terrier
46384717,Pit_Bull_Terrier
48441115,Boxer
48229427,Shepherd
48168529,Boxer_&_Labrador_Retriever
48149470,Boxer
48126876,Staffordshire_Bull_Terrier
48006412,Boxer
47444982,Black_Mouth_Cur_&_Labrador_Retriever
46720999,Shepherd_&_Labrador_Retriever
45278011,Staffordshire_Bull_Terrier
43806530,Labrador_Retriever_&_Boxer
42052365,Black_Mouth_Cur_&_German_Shepherd_Dog
34406626,Labrador_Retriever_&_Great_Dane
47933589,Labrador_Retriever
47928932,American_Staffordshire_Terrier_&_Labrador_Retriever
34338738,Labrador_Retriever_&_Border_Collie
34338430,Labrador_Retriever_&_Border_Collie
30886764,Chihuahua
30665983,Saint_Bernard_&_Black_Mouth_Cur
30665780,Pit_Bull_Terrier_&_Shar-Pei
46804040,Hound_&_Golden_Retriever
46675512,Labrador_Retriever_&_Golden_Retriever
48478825,Shih_Tzu_&_Yorkshire_Terrier
48393975,Terrier
48238263,Chihuahua_&_Terrier
48233578,Labrador_Retriever
48198494,Pomeranian_&_Chihuahua
48167989,Labrador_Retriever
48147090,German_Shepherd_Dog
48054503,Chihuahua
48054502,Boxer
47830700,Terrier_&_Flat-Coated_Retriever
47411242,Jack_Russell_Terrier
47410682,Jack_Russell_Terrier
47410509,Jack_Russell_Terrier
47181931,Terrier
47163064,Labrador_Retriever
45879782,Lhasa_Apso
44603905,Chihuahua
43837989,Labrador_Retriever_&_Terrier
43837988,Lhasa_Apso_&_Maltese
43015500,Mixed_Breed
41210319,Beagle
41200605,Terrier_&_Labrador_Retriever
39120520,Labrador_Retriever
39089350,Pit_Bull_Terrier
38287994,Cocker_Spaniel_&_Havanese
38287995,Havanese_&_Cocker_Spaniel
38287983,Chihuahua
38287984,Miniature_Pinscher
38287989,Schipperke
37512576,Labrador_Retriever_&_Terrier
37512570,Labrador_Retriever_&_Terrier
46869900,American_Staffordshire_Terrier
48237139,Cairn_Terrier_&_Yorkshire_Terrier
48229586,Retriever_&_Labrador_Retriever
48133173,Terrier
48072394,Treeing_Walker_Coonhound_&_Coonhound
47883545,Labrador_Retriever
47808829,Terrier
47485415,Terrier
46204296,Labrador_Retriever
46164486,Black_Mouth_Cur
46153678,Australian_Cattle_Dog_/_Blue_Heeler
45719759,Hound
45642764,Chocolate_Labrador_Retriever
45557439,German_Shepherd_Dog_&_Basset_Hound
45806962,Pit_Bull_Terrier
45806972,Cattle_Dog
45806966,Terrier
45806970,Mixed_Breed
45806973,German_Shepherd_Dog_&_Labrador_Retriever
45806963,Labrador_Retriever
48481248,Chiweenie_&_Rat_Terrier
48465032,Black_Mouth_Cur_&_Labrador_Retriever
48218148,Pit_Bull_Terrier_&_English_Bulldog
48218134,Pit_Bull_Terrier_&_English_Bulldog
47307178,Akita_&_Labrador_Retriever
44462801,American_Staffordshire_Terrier
36224279,American_Staffordshire_Terrier
35999041,American_Staffordshire_Terrier
48488005,Treeing_Walker_Coonhound_&_Greyhound
48443216,Husky
48151873,Dachshund
48141397,Shepherd
48070667,German_Shorthaired_Pointer_&_Labrador_Retriever
47734272,Australian_Cattle_Dog_/_Blue_Heeler_&_Beagle
47692330,Terrier_&_Boxer
48495717,Pit_Bull_Terrier
48494746,Pit_Bull_Terrier
48485967,Terrier
48484584,Cattle_Dog
48484583,Pit_Bull_Terrier
48474496,Terrier_&_Beagle
48462570,Australian_Cattle_Dog_/_Blue_Heeler
48445098,Black_Mouth_Cur
48445097,Pointer
48445096,Labrador_Retriever
48434596,Shepherd_&_Hound
48419982,Shepherd
48414596,Great_Pyrenees_&_Anatolian_Shepherd
48368786,Hound
48354144,Cattle_Dog
48350135,Pit_Bull_Terrier
48350136,Pit_Bull_Terrier
48308324,Hound
48308323,Hound
48298818,Pit_Bull_Terrier
48189986,Hound
48189987,Hound
48169875,Pit_Bull_Terrier
48166155,Pit_Bull_Terrier
48166129,Pit_Bull_Terrier
48108305,Pit_Bull_Terrier
48081806,Black_Labrador_Retriever
48081808,Pit_Bull_Terrier
48063212,Boxer_&_Labrador_Retriever
47236890,Pit_Bull_Terrier
47107525,Hound
48157096,Black_Mouth_Cur
48059750,American_Staffordshire_Terrier
48059348,Labrador_Retriever
45790926,American_Staffordshire_Terrier
48466614,Labrador_Retriever
48251742,German_Shorthaired_Pointer_&_Australian_Cattle_Dog_/_Blue_Heeler
48248440,Chihuahua
47991797,Jack_Russell_Terrier
46627854,Black_and_Tan_Coonhound_&_Hound
45889393,Staffordshire_Bull_Terrier_&_American_Bulldog
43938115,Jack_Russell_Terrier
39447946,Dalmatian_&_Catahoula_Leopard_Dog
39447945,Cavalier_King_Charles_Spaniel
39447947,Spaniel
33322083,Cavalier_King_Charles_Spaniel
33322087,Spaniel
33322088,Cavalier_King_Charles_Spaniel
48456189,Rhodesian_Ridgeback_&_Dachshund
48278189,Mixed_Breed
48076314,Terrier
47492140,Labrador_Retriever_&_Basset_Hound
47492134,Catahoula_Leopard_Dog
47492124,Border_Collie_&_American_Staffordshire_Terrier
47307972,Australian_Cattle_Dog_/_Blue_Heeler
47307816,Black_Mouth_Cur
45388880,Boxer
45388863,Pointer
45388852,American_Staffordshire_Terrier
45125280,Pit_Bull_Terrier
44530585,American_Staffordshire_Terrier_&_Boxer
44086848,American_Bulldog
43978588,Shepherd
36076120,Border_Collie_&_German_Shorthaired_Pointer
23687362,Boxer
23687215,Pit_Bull_Terrier
23687019,Pyrenean_Shepherd
19128963,American_Staffordshire_Terrier
48496926,Labrador_Retriever_&_Plott_Hound
48496176,Bull_Terrier
48492586,Great_Pyrenees
48489713,Wire_Fox_Terrier
48486581,Bull_Terrier
48485701,Border_Collie
48481949,Australian_Cattle_Dog_/_Blue_Heeler
48478658,Terrier
48473027,Pit_Bull_Terrier_&_Black_Labrador_Retriever
48472839,Spaniel
48472495,Australian_Cattle_Dog_/_Blue_Heeler
48472493,Cattle_Dog
48471703,Whippet
48455917,Weimaraner_&_Yellow_Labrador_Retriever
48452213,Shepherd
48440774,Black_Labrador_Retriever
48438835,Hound_&_Shepherd
48438833,Husky
48438834,Black_Labrador_Retriever
48438832,Plott_Hound_&_American_Staffordshire_Terrier
48436316,Catahoula_Leopard_Dog
48435643,Shepherd
48434884,Shepherd
48434883,Black_Labrador_Retriever_&_Pit_Bull_Terrier
48434276,Border_Collie
48433055,Husky_&_Bernese_Mountain_Dog
48433054,Husky_&_Bernese_Mountain_Dog
48433053,Redbone_Coonhound
48433052,Redbone_Coonhound
48432313,Labrador_Retriever
48432315,Labrador_Retriever
48431371,Labrador_Retriever
48431368,Labrador_Retriever_&_Plott_Hound
48431372,Labrador_Retriever_&_Plott_Hound
48430646,Labrador_Retriever
48429798,Chihuahua_&_Dachshund
48429224,Terrier
48429223,Terrier
48426691,Terrier
48426294,Shepherd
48423378,Shepherd
48423376,Shepherd
48423377,American_Staffordshire_Terrier
48420776,Pointer_&_Cattle_Dog
48416762,German_Shepherd_Dog_&_Black_Mouth_Cur
48416481,American_Bulldog_&_Boxer
48409110,Chocolate_Labrador_Retriever
48408098,Labrador_Retriever
48407715,Shepherd_&_Black_Mouth_Cur
48405605,Whippet
48401488,Boxer
48373239,Whippet_&_Labrador_Retriever
48365366,Basset_Hound_&_Hound
48357354,Labrador_Retriever
48354158,Australian_Cattle_Dog_/_Blue_Heeler_&_Hound
48345305,Shepherd
48304672,Cattle_Dog
48300485,Chow_Chow
48297166,Yellow_Labrador_Retriever_&_Whippet
48290572,Black_Labrador_Retriever
48289965,Dogo_Argentino_&_Pit_Bull_Terrier
48285505,Shepherd_&_Hound
48285506,Australian_Cattle_Dog_/_Blue_Heeler
48280281,Shepherd
48280291,Shepherd_&_Terrier
48280340,Siberian_Husky
48280292,Pit_Bull_Terrier
48280325,Dachshund_&_Toy_Fox_Terrier
48280270,Husky_&_Shar-Pei
48280324,Labrador_Retriever
48280298,Border_Collie
48280285,Chihuahua
48280309,Australian_Cattle_Dog_/_Blue_Heeler_&_American_Staffordshire_Terrier
48280295,Shepherd_&_Yellow_Labrador_Retriever
48280303,Boxer
48280310,Plott_Hound_&_Pit_Bull_Terrier
48280311,Shepherd
48280313,Golden_Retriever_&_Shar-Pei
48280323,American_Staffordshire_Terrier
48280332,Shepherd_&_Collie
48280333,Carolina_Dog
48280338,English_Springer_Spaniel
48280345,Pit_Bull_Terrier
48280349,Australian_Kelpie_&_Shepherd
48280353,Golden_Retriever_&_Shar-Pei
48280334,Australian_Cattle_Dog_/_Blue_Heeler
48280316,Pit_Bull_Terrier
48280346,Cardigan_Welsh_Corgi_&_Black_Labrador_Retriever
48280275,Doberman_Pinscher
48280312,Pit_Bull_Terrier
48280267,Chihuahua
48280337,Golden_Retriever_&_Shar-Pei
48280318,Chesapeake_Bay_Retriever
48280297,Labrador_Retriever_&_Pit_Bull_Terrier
48280327,Labrador_Retriever_&_Whippet
48280283,Shepherd_&_Retriever
48280294,Chow_Chow_&_Shepherd
48280308,Shepherd
48280331,Plott_Hound_&_Shepherd
48280302,English_Bulldog
48224875,Basset_Hound
48055028,Pit_Bull_Terrier
47928501,Doberman_Pinscher
47156965,Terrier_&_Boxer
46199254,English_Pointer
44982603,Chihuahua
24906110,Border_Collie_&_Australian_Cattle_Dog_/_Blue_Heeler
24905896,Chow_Chow
24781725,Shepherd
48498379,Chihuahua
48490831,Pit_Bull_Terrier_&_Cane_Corso
48403823,English_Bulldog_&_American_Bully
48391895,Chihuahua
48391891,Cocker_Spaniel_&_Spaniel
48391894,Chihuahua_&_Pug
48391890,Chihuahua
48391893,Chihuahua
48391892,Shih_Tzu_&_Poodle
48359271,Chihuahua_&_Wirehaired_Terrier
48347968,Staffordshire_Bull_Terrier_&_Pit_Bull_Terrier
48347921,Staffordshire_Bull_Terrier_&_Pit_Bull_Terrier
48285048,Pit_Bull_Terrier_&_American_Staffordshire_Terrier
48136053,Pit_Bull_Terrier_&_American_Staffordshire_Terrier
48135944,Pit_Bull_Terrier_&_American_Staffordshire_Terrier
47965664,Chihuahua
47802605,Chihuahua_&_Rat_Terrier
47802596,Cocker_Spaniel_&_Poodle
47802609,Chihuahua
47674858,Pomeranian_&_Shih_Tzu
48235364,Terrier
48167390,Chihuahua
47924222,Terrier
47487041,Boston_Terrier
47476692,Dachshund
46905665,Australian_Shepherd_&_Pit_Bull_Terrier
46168001,Anatolian_Shepherd
45269589,Terrier
45269438,Beagle
44789401,Shepherd_&_Terrier
43593535,Shepherd
43592185,Mixed_Breed
43319789,Labrador_Retriever
42973626,Mixed_Breed
42973060,Boxer
41825483,Shepherd_&_Black_Mouth_Cur
40652260,Labrador_Retriever_&_Pit_Bull_Terrier
40652123,English_Bulldog_&_Pit_Bull_Terrier
40621085,Black_Mouth_Cur
40152496,Border_Collie
37946341,Labrador_Retriever
32674908,American_Bulldog_&_Pit_Bull_Terrier
48490350,Labrador_Retriever_&_Golden_Retriever
48490351,German_Shepherd_Dog
48489493,German_Shepherd_Dog
48489492,Catahoula_Leopard_Dog
48489490,German_Shepherd_Dog
48489501,Collie
48489504,Pit_Bull_Terrier
48489496,Labrador_Retriever
48489497,Rhodesian_Ridgeback_&_Rottweiler
48489502,Pit_Bull_Terrier
48489495,Rottweiler
48489491,Rottweiler
48489505,German_Shepherd_Dog
48489488,Black_Mouth_Cur
48489506,Black_Mouth_Cur
48489486,Rhodesian_Ridgeback_&_Rottweiler
48487202,Pit_Bull_Terrier
48479328,Rottweiler
48479333,Labrador_Retriever
48479329,German_Shepherd_Dog
48476324,Collie_&_Husky
48475704,Labrador_Retriever
48475703,Pit_Bull_Terrier
48467925,Pit_Bull_Terrier
48467922,Labrador_Retriever
48467921,Pit_Bull_Terrier
48467923,Pit_Bull_Terrier
48464469,Pit_Bull_Terrier
48462724,Pit_Bull_Terrier
48454921,Border_Collie
48443876,Labrador_Retriever_&_German_Shepherd_Dog
48442019,Pit_Bull_Terrier
48435207,German_Shepherd_Dog
48432813,Pit_Bull_Terrier
48431925,Great_Pyrenees
48431064,Pit_Bull_Terrier
48414729,Pit_Bull_Terrier_&_Boxer
48363007,Labrador_Retriever
48361596,Pit_Bull_Terrier
48355936,Catahoula_Leopard_Dog
48355934,Labrador_Retriever
48354919,Mastiff_&_Boxer
48351514,German_Shepherd_Dog
48340528,Pit_Bull_Terrier
48332382,Dogo_Argentino
48332383,Dogo_Argentino
48321213,Pit_Bull_Terrier
48318143,Pit_Bull_Terrier
48312330,Labrador_Retriever_&_Pit_Bull_Terrier
48311667,Labrador_Retriever_&_Pit_Bull_Terrier
48301939,Pit_Bull_Terrier
48301938,Labrador_Retriever_&_Australian_Cattle_Dog_/_Blue_Heeler
48301936,Blue_Lacy
48297393,Black_and_Tan_Coonhound_&_German_Shepherd_Dog
48290655,Pit_Bull_Terrier_&_Australian_Cattle_Dog_/_Blue_Heeler
48277588,English_Bulldog_&_Pit_Bull_Terrier
48277589,Pit_Bull_Terrier
48258824,Great_Dane_&_Labrador_Retriever
48210644,Pit_Bull_Terrier
48204861,Catahoula_Leopard_Dog
48201350,Pit_Bull_Terrier
48181445,Chihuahua
48180960,Pit_Bull_Terrier
48178058,Pit_Bull_Terrier
48176211,Pit_Bull_Terrier_&_Australian_Cattle_Dog_/_Blue_Heeler
48172264,Labrador_Retriever
48151087,Pit_Bull_Terrier_&_Boxer
48096807,Pit_Bull_Terrier
48088240,Pit_Bull_Terrier
48080656,Pit_Bull_Terrier
48075394,Labrador_Retriever
48064726,Pit_Bull_Terrier
48032883,Black_and_Tan_Coonhound_&_Pit_Bull_Terrier
48003196,Pit_Bull_Terrier
47994579,Pit_Bull_Terrier
47981821,Boxer
47963172,Pit_Bull_Terrier_&_Boxer
47953670,Pit_Bull_Terrier
47950271,Pit_Bull_Terrier
47946945,American_Bulldog
47926277,Pit_Bull_Terrier
47912303,Pointer
47911233,Pit_Bull_Terrier
47911234,Pit_Bull_Terrier
47911235,Pit_Bull_Terrier
47904126,American_Staffordshire_Terrier_&_Catahoula_Leopard_Dog
47862868,Catahoula_Leopard_Dog_&_Plott_Hound
47845052,Pit_Bull_Terrier_&_Labrador_Retriever
47797273,Pit_Bull_Terrier
47757492,Pit_Bull_Terrier
47653331,Pit_Bull_Terrier
47640104,Pit_Bull_Terrier
47555548,Pit_Bull_Terrier
47510487,Pit_Bull_Terrier
47486144,Pit_Bull_Terrier
47470347,Rhodesian_Ridgeback
47448950,Pit_Bull_Terrier
47388998,Shar-Pei_&_Pit_Bull_Terrier
47159844,Pit_Bull_Terrier_&_Greater_Swiss_Mountain_Dog
47062234,Pit_Bull_Terrier
