48494115,Nova Scotia Duck Tolling Retriever & Cocker Spaniel Mix
48492530,Dachshund Mix
48487320,Cocker Spaniel
48478383,Pit Bull Terrier Mix
48462847,Greyhound
48457438,Cocker Spaniel
48453146,Cocker Spaniel
48444679,Pit Bull Terrier Mix
48437237,Dachshund
48427017,Dachshund
48420187,Pit Bull Terrier Mix
48404850,Dachshund
48404755,Dachshund
48402171,Cocker Spaniel
48402168,Cocker Spaniel
48360333,Pit Bull Terrier Mix
48358545,Cocker Spaniel Mix
48348458,Dachshund
48348275,Dachshund
48314748,Dachshund
48242163,Dachshund
48230912,Dachshund
48180604,Dachshund Mix
48177785,Dachshund Mix
48129338,Dachshund
48129136,Dachshund
48112214,Dachshund Mix
48107084,Pit Bull Terrier Mix
48006100,Dachshund
47998988,Dachshund
47958736,Pit Bull Terrier
47940444,Pit Bull Terrier Mix
47911871,Hound
47885385,Dachshund Mix
47875939,Dachshund
47748091,Dachshund
47599753,Chihuahua
47226482,Dachshund
47226453,Dachshund
47192182,Dachshund & Chihuahua Mix
48494115,Nova Scotia Duck Tolling Retriever & Cocker Spaniel Mix
48492530,Dachshund Mix
48487320,Cocker Spaniel
48478383,Pit Bull Terrier Mix
48462847,Greyhound
48457438,Cocker Spaniel
48453146,Cocker Spaniel
48444679,Pit Bull Terrier Mix
48437237,Dachshund
48427017,Dachshund
48420187,Pit Bull Terrier Mix
48404850,Dachshund
48404755,Dachshund
48402171,Cocker Spaniel
48402168,Cocker Spaniel
48360333,Pit Bull Terrier Mix
48358545,Cocker Spaniel Mix
48348458,Dachshund
48348275,Dachshund
48314748,Dachshund
48242163,Dachshund
48230912,Dachshund
48180604,Dachshund Mix
48177785,Dachshund Mix
48129338,Dachshund
48129136,Dachshund
48112214,Dachshund Mix
48107084,Pit Bull Terrier Mix
48006100,Dachshund
47998988,Dachshund
47958736,Pit Bull Terrier
47940444,Pit Bull Terrier Mix
47911871,Hound
47885385,Dachshund Mix
47875939,Dachshund
47748091,Dachshund
47599753,Chihuahua
47226482,Dachshund
47226453,Dachshund
47192182,Dachshund & Chihuahua Mix
46868501,Dachshund
46410455,Chihuahua
46262812,Shih Tzu
46262746,Shih Tzu
46262735,Shih Tzu
46262729,Maltese Mix
46262718,Pekingese
46027995,Dachshund & Chihuahua Mix
46027958,Dachshund & Chihuahua Mix
45923881,Dachshund
45456955,Beagle
45456953,Hound
45456947,Beagle
44612876,English Setter
44492413,Cocker Spaniel
44413338,Dachshund
44413339,Dachshund
44050937,Dachshund Mix
43910191,Dachshund
43582430,Dachshund & Chihuahua Mix
41796884,Dachshund
41796883,Dachshund
40731620,Chihuahua
40025691,Dachshund
37326958,Lhasa Apso
27720356,Chihuahua
46675535,Labrador Retriever & Golden Retriever Mix
48496028,Labrador Retriever
48496025,Labrador Retriever
48496026,Rottweiler
48495342,Chihuahua Mix
48487266,Labrador Retriever & German Shepherd Dog Mix
48487246,Pit Bull Terrier Mix
48487244,Carolina Dog
48487257,Basset Hound
48487254,Pit Bull Terrier Mix
48487248,Chihuahua & Dachshund Mix
48487264,Australian Shepherd & Great Pyrenees Mix
48487246,Pit Bull Terrier Mix
48487244,Carolina Dog
48487257,Basset Hound
48487254,Pit Bull Terrier Mix
48487263,Chihuahua Mix
48487237,Labrador Retriever & Dachshund Mix
48487223,Carolina Dog & Pit Bull Terrier Mix
48487233,Labrador Retriever & Blue Lacy Mix
48487225,German Wirehaired Pointer Mix
48487232,Labrador Retriever & German Shepherd Dog Mix
48487216,Labrador Retriever & German Shepherd Dog Mix
48487215,Chihuahua & Dachshund Mix
48487212,German Shepherd Dog Mix
48464984,Poodle
48464434,Mastiff Mix
48460959,Pit Bull Terrier & Boxer Mix
48460964,Foxhound Mix
48460947,Chihuahua & Dachshund Mix
48460951,Great Pyrenees Mix
48460940,Great Pyrenees Mix
48456319,Labrador Retriever
48455023,American Staffordshire Terrier
48451204,Pit Bull Terrier
48442040,Rottweiler Mix
48442041,Labrador Retriever Mix
48441338,Boxer Mix
48440576,Pit Bull Terrier & Boxer Mix
48440575,Pit Bull Terrier & Labrador Retriever Mix
48436588,Boxer Mix
48435309,Great Pyrenees & Labrador Retriever Mix
48435307,Australian Cattle Dog / Blue Heeler & Saint Bernard Mix
48431836,Catahoula Leopard Dog
48431082,Vizsla
48414941,German Shepherd Dog Mix
48413167,Pit Bull Terrier
48410530,Shiba Inu & Chow Chow Mix
48403228,Catahoula Leopard Dog Mix
48403223,Staffordshire Bull Terrier Mix
48403216,Husky
48403214,Labrador Retriever Mix
48400086,Australian Cattle Dog / Blue Heeler
48398015,German Shepherd Dog & Black Mouth Cur Mix
48398013,Pit Bull Terrier
48398014,Pit Bull Terrier Mix
48398012,Black Mouth Cur Mix
48397751,Rottweiler Mix
48394372,Rottweiler
48391607,Catahoula Leopard Dog
48390468,Pit Bull Terrier
48390463,German Shepherd Dog & Shar-Pei Mix
48384590,Poodle Mix
48384589,Labrador Retriever & Husky Mix
48383151,Australian Cattle Dog / Blue Heeler Mix
48381377,Pit Bull Terrier & Shar-Pei Mix
48376019,English Coonhound
48376018,German Shepherd Dog & Husky Mix
48374928,Husky
48371729,Pit Bull Terrier Mix
48370310,Pit Bull Terrier
48370306,Pit Bull Terrier
48366107,German Shepherd Dog Mix
48364444,Beagle Mix
48361521,Beagle Mix
48360096,Pit Bull Terrier
48359633,Siberian Husky
48351507,Akita
48351503,Labrador Retriever
48351501,Pit Bull Terrier Mix
48351495,Staffordshire Bull Terrier
48344167,Pit Bull Terrier
48344163,Pit Bull Terrier
48332441,Chihuahua
48332440,Yorkshire Terrier
48329636,Chihuahua Mix
48327951,Great Pyrenees & Saint Bernard Mix
48327956,Labrador Retriever Mix
48323632,Labrador Retriever & Australian Shepherd Mix
48323234,Boxer Mix
48318221,Pit Bull Terrier
48298925,Pit Bull Terrier
48297360,Labrador Retriever Mix
48287965,Pit Bull Terrier
48287962,Bichon Frise
48287469,Staffordshire Bull Terrier & Plott Hound Mix
48270827,Boxer & Labrador Retriever Mix
48265646,German Shepherd Dog Mix
48261214,German Shepherd Dog Mix
48251135,Pit Bull Terrier Mix
48246872,Pit Bull Terrier Mix
48242055,Staffordshire Bull Terrier Mix
48236999,German Shepherd Dog
48228018,Plott Hound
48228004,Pit Bull Terrier
48220420,Harrier Mix
48214121,Australian Cattle Dog / Blue Heeler Mix
48214124,Labrador Retriever
48213726,Doberman Pinscher & Pit Bull Terrier Mix
48205454,Pit Bull Terrier
48193151,Pit Bull Terrier
48187589,German Shepherd Dog & Labrador Retriever Mix
48186937,Labrador Retriever
48172245,Pit Bull Terrier Mix
48156674,Pit Bull Terrier Mix
48150622,Pit Bull Terrier
48147470,Boxer
48143526,American Staffordshire Terrier
48132944,Pit Bull Terrier
48131892,Labrador Retriever Mix
48126449,Australian Shepherd & Border Collie Mix
48123671,Black Mouth Cur Mix
48123673,Pit Bull Terrier
48107491,Pit Bull Terrier & Dalmatian Mix
48101308,Labrador Retriever Mix
48101303,American Staffordshire Terrier
48101071,Labrador Retriever
48101070,Pit Bull Terrier
48079483,Pit Bull Terrier
48065492,Pit Bull Terrier Mix
48064950,Pointer & Boxer Mix
48057547,Pit Bull Terrier
48049078,Pit Bull Terrier & Bull Terrier Mix
48047655,Boxer Mix
48047239,Boxer Mix
48046783,Pit Bull Terrier
48042914,Labrador Retriever & Pointer Mix
48041446,Staffordshire Bull Terrier Mix
48040128,Labrador Retriever Mix
48035476,Catahoula Leopard Dog & Boxer Mix
48032100,American Staffordshire Terrier
48025323,Pit Bull Terrier Mix
48022105,Pit Bull Terrier Mix
48021605,Labrador Retriever & Siberian Husky Mix
48019305,Black Mouth Cur Mix
48017737,Chihuahua
48012588,Pit Bull Terrier
48011607,Pit Bull Terrier
48011601,Australian Cattle Dog / Blue Heeler Mix
47981429,Labrador Retriever & German Shepherd Dog Mix
47974611,Pit Bull Terrier
47962460,Pit Bull Terrier
47958624,Labrador Retriever & Pit Bull Terrier Mix
47958623,German Shepherd Dog & Labrador Retriever Mix
47952698,American Bulldog Mix
47951691,German Shepherd Dog Mix
47945555,Chow Chow Mix
47945554,Boxer
47944997,German Shepherd Dog Mix
47938816,German Shepherd Dog
47930083,Boxer
47927664,Boxer & Labrador Retriever Mix
47927650,Plott Hound
47927656,Labrador Retriever
47927647,Pit Bull Terrier Mix
47927649,Pit Bull Terrier
47927646,Pit Bull Terrier
47927636,Australian Kelpie Mix
47878764,Labrador Retriever Mix
47874128,Pit Bull Terrier Mix
47868231,Pit Bull Terrier
47868232,Husky
47854099,Anatolian Shepherd Mix
47847725,Pit Bull Terrier
47837843,Pit Bull Terrier & Boxer Mix
47827502,Pit Bull Terrier Mix
47823466,Pit Bull Terrier
47821915,Blue Lacy & Labrador Retriever Mix
47821205,Pointer Mix
47821203,Saint Bernard Mix
47811917,English Coonhound & German Shepherd Dog Mix
47810523,Labrador Retriever Mix
47803101,Rottweiler & German Shepherd Dog Mix
47755983,Pit Bull Terrier & Labrador Retriever Mix
47715916,Pit Bull Terrier Mix
47688445,Pit Bull Terrier
47688446,Pit Bull Terrier
47680522,German Shepherd Dog Mix
47653801,American Staffordshire Terrier
47644925,Labrador Retriever
47637612,Labrador Retriever Mix
47636443,German Shepherd Dog Mix
47629673,Pit Bull Terrier
47624523,German Shepherd Dog & Boxer Mix
47624126,Labrador Retriever Mix
47623666,Labrador Retriever Mix
47623660,Pit Bull Terrier
47618512,Pit Bull Terrier
47604046,Labrador Retriever Mix
47600666,German Shepherd Dog Mix
47594758,Pit Bull Terrier
47591084,Pit Bull Terrier
47591073,Pit Bull Terrier
47590568,Pit Bull Terrier
47590567,Pit Bull Terrier & German Shepherd Dog Mix
47585761,Pit Bull Terrier Mix
47576360,Pit Bull Terrier Mix
47544113,Pit Bull Terrier
47533628,Pit Bull Terrier
47511406,Boxer
47510825,Pit Bull Terrier
47510821,Pit Bull Terrier Mix
47495191,Pit Bull Terrier
47477844,Labrador Retriever
47446100,Pit Bull Terrier Mix
47441521,American Staffordshire Terrier
47429803,Pit Bull Terrier
47408673,Labrador Retriever Mix
47381267,Pit Bull Terrier Mix
47341725,Great Dane & Greyhound Mix
47336118,Australian Cattle Dog / Blue Heeler
47331128,Labrador Retriever Mix
47294621,Pit Bull Terrier Mix
47253537,Pit Bull Terrier
47229916,Pit Bull Terrier
47220413,Pit Bull Terrier Mix
47213405,Australian Cattle Dog / Blue Heeler & Labrador Retriever Mix
47207642,Pit Bull Terrier Mix
47202938,American Bulldog Mix
47192428,Labrador Retriever Mix
47187730,Pit Bull Terrier
47178582,Australian Cattle Dog / Blue Heeler
47167564,Pit Bull Terrier
47144127,Dachshund & Chihuahua Mix
47078020,Labrador Retriever Mix
47067583,Pit Bull Terrier Mix
47052803,Pit Bull Terrier Mix
47038866,Pit Bull Terrier
47018554,Plott Hound Mix
46975347,Staffordshire Bull Terrier Mix
46971243,Pit Bull Terrier
46941132,Pit Bull Terrier
46926572,Australian Cattle Dog / Blue Heeler
46924808,Pit Bull Terrier
46903196,American Bulldog Mix
46902549,Pit Bull Terrier Mix
46862563,Pit Bull Terrier
46849321,Pit Bull Terrier
46829418,Pit Bull Terrier
46698956,Pit Bull Terrier
46658939,Pit Bull Terrier Mix
46611205,Pointer Mix
46538119,Pit Bull Terrier
46482995,Catahoula Leopard Dog Mix
46482465,Pit Bull Terrier & Labrador Retriever Mix
46426219,Labrador Retriever & Pit Bull Terrier Mix
46392248,Pit Bull Terrier
46342154,Plott Hound
46312241,Pit Bull Terrier Mix
46222155,Pit Bull Terrier
46154967,Australian Kelpie Mix
46145417,Australian Cattle Dog / Blue Heeler Mix
45979827,Staffordshire Bull Terrier Mix
45953292,Staffordshire Bull Terrier Mix
45926278,Beagle Mix
45711889,Labrador Retriever Mix
45710808,German Shepherd Dog Mix
45561011,Australian Shepherd Mix
45445142,American Staffordshire Terrier Mix
45444977,Dachshund & Chihuahua Mix
45445018,Pit Bull Terrier Mix
45444911,Pit Bull Terrier & Labrador Retriever Mix
45444942,Labrador Retriever Mix
45445013,Labrador Retriever Mix
45445039,Pit Bull Terrier Mix
45444910,Pit Bull Terrier Mix
45444895,American Bulldog & Boxer Mix
45444828,Staffordshire Bull Terrier Mix
45444667,Pit Bull Terrier
45444687,Pit Bull Terrier Mix
45444613,Pit Bull Terrier Mix
45444525,Chihuahua Mix
45444455,Labrador Retriever & Chow Chow Mix
45444272,Staffordshire Bull Terrier & Mastiff Mix
45444250,Labrador Retriever Mix
45444196,Boxer Mix
45444188,Dachshund Mix
45444220,Pit Bull Terrier Mix
45444249,Pit Bull Terrier Mix
45444248,Pit Bull Terrier Mix
18223354,German Shorthaired Pointer
48493000,Pit Bull Terrier Mix
48492995,Labrador Retriever
48492997,Chocolate Labrador Retriever Mix
48493003,Chocolate Labrador Retriever Mix
48492973,Border Collie Mix
48492979,Chocolate Labrador Retriever Mix
48492988,Chocolate Labrador Retriever Mix
48492976,Pit Bull Terrier
48492951,Chocolate Labrador Retriever Mix
48492962,Labrador Retriever Mix
48492950,Chihuahua Mix
48492960,Husky & Anatolian Shepherd Mix
48482445,Australian Cattle Dog / Blue Heeler Mix
48482446,Pit Bull Terrier
48482451,Old English Sheepdog
48482421,Chihuahua Mix
48482407,Chihuahua Mix
48482405,Pit Bull Terrier
48482420,Chihuahua Mix
48482406,Pit Bull Terrier Mix
48482430,Chihuahua Mix
48482403,Shepherd & Terrier Mix
48482410,Black Labrador Retriever Mix
48482429,Pit Bull Terrier Mix
48482424,Labrador Retriever & Husky Mix
48482431,Shepherd Mix
48482416,Labrador Retriever Mix
48482435,Labrador Retriever & Boxer Mix
48473515,Shepherd Mix
48473510,Boxer Mix
48473514,Terrier Mix
48473505,Terrier Mix
48473497,Border Collie Mix
48473501,Labrador Retriever Mix
48473499,Labrador Retriever Mix
48473498,Hound
48473488,Husky & Doberman Pinscher Mix
48473489,Pit Bull Terrier Mix
48473488,Husky & Doberman Pinscher Mix
48473492,Border Collie Mix
48466590,Great Dane & Shepherd Mix
48466583,Cattle Dog
48466569,Cattle Dog & Terrier Mix
48466567,Pit Bull Terrier Mix
48466565,Pit Bull Terrier Mix
48458182,Pit Bull Terrier Mix
48458194,American Staffordshire Terrier
48458185,Australian Cattle Dog / Blue Heeler Mix
48458196,Terrier Mix
48458187,Australian Kelpie & Terrier Mix
48458193,Greyhound & Labrador Retriever Mix
48458173,Pit Bull Terrier
48458169,German Shepherd Dog
48448200,Black Mouth Cur Mix
48448194,Pit Bull Terrier Mix
48448193,Pit Bull Terrier Mix
48448185,Pit Bull Terrier
48448189,Labrador Retriever Mix
48448174,Black Labrador Retriever & Shepherd Mix
48448179,Pit Bull Terrier Mix
48448176,Great Dane & Pointer Mix
48448177,Pit Bull Terrier Mix
48437656,Pit Bull Terrier
48437652,Pit Bull Terrier Mix
48437651,Terrier Mix
48437644,Shih Tzu Mix
48437629,Jack Russell Terrier Mix
48437645,Black Labrador Retriever & Basset Hound Mix
48427445,Pit Bull Terrier Mix
48427442,Chocolate Labrador Retriever Mix
48427434,Blue Lacy & Labrador Retriever Mix
48427448,Shepherd Mix
48417108,Cattle Dog Mix
48407862,Pit Bull Terrier Mix
48401660,Treeing Walker Coonhound
48401664,Terrier
48401655,Pit Bull Terrier
48388025,Anatolian Shepherd Mix
48388024,Australian Shepherd Mix
48388031,Terrier
48377860,Australian Cattle Dog / Blue Heeler Mix
48377854,Australian Cattle Dog / Blue Heeler Mix
48377844,Pit Bull Terrier
48377846,Pit Bull Terrier Mix
48377843,Pit Bull Terrier Mix
48367358,Blue Lacy
48367339,Pit Bull Terrier & Chow Chow Mix
48357660,Boxer Mix
48357656,Pit Bull Terrier
48357642,Retriever Mix
48357630,Australian Cattle Dog / Blue Heeler Mix
48349066,Shepherd Mix
48349067,Shepherd Mix
48342674,Black Labrador Retriever Mix
48342670,American Bulldog Mix
48334989,Mastiff Mix
48334984,Terrier
48325502,Pit Bull Terrier Mix
48325496,American Staffordshire Terrier
48325471,Pointer Mix
48315353,Pit Bull Terrier Mix
48305171,German Shepherd Dog
48305177,Shepherd
48305110,Chihuahua & Australian Cattle Dog / Blue Heeler Mix
48294821,Boxer
48294784,Pit Bull Terrier & Shar-Pei Mix
48286045,Pit Bull Terrier Mix
48286021,Pit Bull Terrier Mix
48280394,American Bulldog Mix
48263187,Pit Bull Terrier Mix
48263171,Chocolate Labrador Retriever Mix
48253657,Blue Lacy
48253651,Pit Bull Terrier Mix
48253638,Pit Bull Terrier Mix
48253652,Hound Mix
48253627,Pit Bull Terrier Mix
48243997,Pit Bull Terrier Mix
48243971,Pit Bull Terrier Mix
48234073,Beagle Mix
48234059,Beagle Mix
48219148,Terrier
48219163,Pit Bull Terrier Mix
48211978,Terrier
48211971,Pit Bull Terrier
48211965,Rottweiler Mix
48211942,Terrier Mix
48209015,Shar-Pei Mix
48208995,Shar-Pei Mix
48184839,Pit Bull Terrier Mix
48184833,Shar-Pei Mix
48174471,American Bulldog & Retriever Mix
48174473,Plott Hound Mix
48161393,Black Labrador Retriever
48148529,Pit Bull Terrier Mix
48148499,Labrador Retriever Mix
48139837,American Bulldog Mix
48139844,Cattle Dog
48130501,Great Pyrenees
48130486,Mastiff & American Bulldog Mix
48112686,Terrier
48112661,Pit Bull Terrier
48112665,Terrier
48112655,Terrier Mix
48105183,French Bulldog Mix
48105170,Pit Bull Terrier
48093489,Shepherd Mix
48085086,Bernese Mountain Dog Mix
48076936,Labrador Retriever
48068673,Labrador Retriever
48068662,Black Labrador Retriever Mix
48068616,Pit Bull Terrier Mix
48068629,Terrier & Anatolian Shepherd Mix
48061126,Labrador Retriever
48061100,Pit Bull Terrier Mix
48061082,Black Labrador Retriever
48045476,Basset Hound
48045463,Pit Bull Terrier Mix
48045456,Cattle Dog Mix
48038379,German Shepherd Dog Mix
48038368,Mastiff & Pit Bull Terrier Mix
48031109,Pit Bull Terrier Mix
48031104,Pit Bull Terrier Mix
48016950,American Staffordshire Terrier Mix
47999139,American Staffordshire Terrier
47972343,American Staffordshire Terrier Mix
47972319,Pit Bull Terrier
47965485,Pit Bull Terrier Mix
47942358,American Bulldog Mix
47935621,Pit Bull Terrier Mix
47935593,Pit Bull Terrier Mix
47928974,German Shepherd Dog Mix
47923283,Great Pyrenees
47918614,Pit Bull Terrier Mix
47900618,Pit Bull Terrier Mix
47887934,Chow Chow & Labrador Retriever Mix
47887918,Chocolate Labrador Retriever Mix
47877693,Shepherd
47877673,Boxer Mix
47847147,Pit Bull Terrier Mix
47820339,Labrador Retriever Mix
47730880,Pit Bull Terrier Mix
47708484,Australian Cattle Dog / Blue Heeler Mix
47701404,Akita
47679940,Pit Bull Terrier
47679925,American Bulldog Mix
47659705,Labrador Retriever & Beagle Mix
47349166,Pit Bull Terrier
47327113,Black Mouth Cur & Australian Cattle Dog / Blue Heeler Mix
47308846,Shepherd & Hound Mix
47298878,German Shepherd Dog Mix
47212532,Labrador Retriever & Pit Bull Terrier Mix
47195222,Terrier & Shepherd Mix
46805535,Pointer Mix
46640462,Black Labrador Retriever Mix
46573234,Pit Bull Terrier
45693555,Labrador Retriever Mix
45248302,Pit Bull Terrier Mix
45007879,American Bulldog Mix
44670931,Pit Bull Terrier
44296963,Pit Bull Terrier Mix
43772241,Pit Bull Terrier Mix
43555082,Pit Bull Terrier Mix
35686220,Belgian Shepherd / Tervuren & Labrador Retriever Mix
28953447,Staffordshire Bull Terrier Mix
28899010,American Bulldog Mix
28311037,Staffordshire Bull Terrier
27514226,German Shepherd Dog & Bull Terrier Mix
27146534,Weimaraner & Staffordshire Bull Terrier Mix
27001540,Pit Bull Terrier
26241232,Staffordshire Bull Terrier
25722445,Staffordshire Bull Terrier
25463016,Pit Bull Terrier Mix
25245711,American Staffordshire Terrier
25192797,American Bulldog & Hound Mix
25151176,Pit Bull Terrier
24402008,Black Labrador Retriever
24239937,American Staffordshire Terrier
23595680,American Staffordshire Terrier
23122344,Pit Bull Terrier
23121867,Pit Bull Terrier
22949649,Basset Hound & Labrador Retriever Mix
22452369,Labrador Retriever & Pit Bull Terrier Mix
22422376,Labrador Retriever & Pit Bull Terrier Mix
22331443,Staffordshire Bull Terrier
48492504,Terrier Mix
48473072,Siberian Husky & Great Dane Mix
48467297,German Shepherd Dog
48444458,Klee Kai Mix
48435047,Terrier
48434218,Shepherd Mix
48433233,Hound
48418279,Great Dane & Husky Mix
48418275,Great Dane & Husky Mix
48418277,Great Dane & Husky Mix
48418276,Basenji
48418278,English Bulldog
48341155,Schnauzer Mix
48331047,Tibetan Terrier Mix
48328404,Australian Cattle Dog / Blue Heeler
48325102,Mastiff
48325101,Sheep Dog Mix
48325061,Shepherd
48325062,Husky & Labrador Retriever Mix
48325059,Great Dane
48325042,Great Dane & Mastiff Mix
48262252,Labrador Retriever Mix
48138721,Chihuahua
48099489,Labrador Retriever & German Shepherd Dog Mix
48195163,Australian Cattle Dog / Blue Heeler
48335702,Maltese
48171565,Labrador Retriever & Beagle Mix
46903310,Labrador Retriever & Great Pyrenees Mix
46903286,Pit Bull Terrier & Labrador Retriever Mix
46094291,Papillon
43839996,Shetland Sheepdog / Sheltie Mix
48463912,German Shepherd Dog
48463851,German Shepherd Dog
48340853,German Shepherd Dog
47513550,German Shepherd Dog
47087060,German Shepherd Dog
47923250,Shar-Pei & Saluki Mix
44741830,Shar-Pei
48372197,Pit Bull Terrier & Labrador Retriever Mix
48345169,Australian Cattle Dog / Blue Heeler & English Pointer Mix
48454555,Chihuahua & Rat Terrier Mix
48454500,Labrador Retriever & Border Collie Mix
48454482,Great Pyrenees Mix
48375012,Rhodesian Ridgeback Mix
47927407,Chihuahua
47927341,Basset Hound Mix
47427666,Pit Bull Terrier
46968471,Boxer Mix
43424027,Plott Hound
48461717,Great Dane
48423608,Great Pyrenees
48422513,Great Pyrenees & German Shepherd Dog Mix
48421232,Great Pyrenees Mix
44763813,Great Pyrenees
44303747,Great Pyrenees
48484010,English Bulldog & American Staffordshire Terrier Mix
48491671,Miniature Schnauzer
48484019,American Bulldog
48398553,Bullmastiff
48177400,German Shepherd Dog Mix
48125520,Shepherd Mix
47264701,Bullmastiff
46271344,Border Collie
46041871,Bullmastiff
48357087,Labrador Retriever Mix
48357056,Chiweenie & Yorkshire Terrier Mix
48357051,Hound & Labrador Retriever Mix
48356924,Yorkshire Terrier Mix
48205573,Chihuahua Mix
48165995,Mixed Breed
48165999,Mixed Breed
48165991,Mixed Breed
48112200,Pit Bull Terrier Mix
48084714,Rat Terrier & Dachshund Mix
48076406,Terrier Mix
47986882,Terrier & Chihuahua Mix
47953497,Australian Cattle Dog / Blue Heeler Mix
47895091,Terrier Mix
47881115,Shepherd Mix
47775977,Terrier Mix
47647218,Chihuahua
46330288,Labrador Retriever Mix
44497506,Labrador Retriever Mix
48483824,Border Collie Mix
48424197,Blue Lacy & Plott Hound Mix
48424109,Chihuahua Mix
48424015,Border Collie & Staffordshire Bull Terrier Mix
48423477,Labrador Retriever Mix
48327247,Husky Mix
48100457,Labrador Retriever & Mastiff Mix
48100413,Labrador Retriever & Mastiff Mix
48072446,Labrador Retriever Mix
47939602,Labrador Retriever Mix
47885565,Labrador Retriever Mix
47473103,Labrador Retriever Mix
47281287,Labrador Retriever Mix
46928061,Labrador Retriever Mix
46839421,Labrador Retriever Mix
46562364,Mixed Breed
46004509,Labrador Retriever Mix
45132268,Labrador Retriever
44641062,Labrador Retriever Mix
41844541,Labrador Retriever Mix
41479123,Labrador Retriever
41479110,Labrador Retriever
25719740,American Staffordshire Terrier Mix
24778760,American Staffordshire Terrier & Rhodesian Ridgeback Mix
24695363,Boxer & American Staffordshire Terrier Mix
24693822,Bull Terrier & Basset Hound Mix
24693691,Boxer & American Staffordshire Terrier Mix
24693508,English Bulldog & Staffordshire Bull Terrier Mix
21062388,Staffordshire Bull Terrier & American Staffordshire Terrier Mix
21062374,American Staffordshire Terrier & Pit Bull Terrier Mix
21061962,American Staffordshire Terrier & Pit Bull Terrier Mix
16696712,American Staffordshire Terrier & Australian Cattle Dog / Blue Heeler Mix
48455086,Yorkshire Terrier
48457910,Chihuahua Mix
48356674,Black Labrador Retriever Mix
48029830,Pit Bull Terrier Mix
47849626,Shepherd Mix
47776735,Black Mouth Cur Mix
47776342,Yellow Labrador Retriever Mix
48061064,Corgi & Terrier Mix
47255628,Black Mouth Cur Mix
46571692,Boston Terrier & Chihuahua Mix
46073306,Plott Hound & Pit Bull Terrier Mix
45846225,Dogo Argentino & American Staffordshire Terrier Mix
45824350,Husky Mix
40990321,German Shepherd Dog
47572389,Mixed Breed
48387400,Labrador Retriever & Great Dane Mix
48471706,Chihuahua Mix
48471663,Chihuahua Mix
48471532,Chihuahua Mix
48437273,Chihuahua Mix
48435021,Boxer Mix
48394550,Labrador Retriever Mix
48416574,Pit Bull Terrier
48416517,Shar-Pei Mix
48391401,Great Pyrenees
45892790,German Shepherd Dog & Husky Mix
45892355,Labrador Retriever & Terrier Mix
45891460,Mixed Breed
43493530,American Bulldog Mix
42215385,Labrador Retriever Mix
41431045,Pit Bull Terrier Mix
40742932,Cattle Dog Mix
39202044,Labrador Retriever Mix
32562319,Pit Bull Terrier Mix
31140229,Great Pyrenees & Great Dane Mix
31140130,Labrador Retriever Mix
31140128,Shepherd & Terrier Mix
31140085,German Shepherd Dog Mix
31140055,Labrador Retriever Mix
31140050,Labrador Retriever Mix
48496920,Staffordshire Bull Terrier Mix
48462354,Spaniel Mix
48455308,Dachshund Mix
48452210,Labrador Retriever Mix
48452207,Chocolate Labrador Retriever Mix
48452208,Australian Cattle Dog / Blue Heeler & Australian Shepherd Mix
48444021,Pit Bull Terrier Mix
48444017,Black Labrador Retriever Mix
48444015,American Staffordshire Terrier Mix
48444013,Border Collie Mix
48444016,Plott Hound Mix
48444018,Plott Hound Mix
48444020,Cattle Dog Mix
48444019,Mixed Breed
48444006,Labrador Retriever & Great Dane Mix
48444009,American Staffordshire Terrier Mix
48444003,Black Labrador Retriever Mix
48444007,Mixed Breed
48444009,American Staffordshire Terrier Mix
48444008,Mixed Breed
48444011,American Staffordshire Terrier Mix
48444012,American Staffordshire Terrier Mix
48444010,Shepherd Mix
48444006,Labrador Retriever & Great Dane Mix
48434275,Jack Russell Terrier Mix
48433758,Hound Mix
48433759,Black Labrador Retriever & German Shepherd Dog Mix
48433757,Black Labrador Retriever & Basset Hound Mix
48383489,Labrador Retriever Mix
48381730,Labrador Retriever Mix
48308330,Shepherd Mix
48308331,Labrador Retriever Mix
48308329,Blue Lacy Mix
48231174,Black Labrador Retriever Mix
48089928,Mixed Breed
48001570,American Staffordshire Terrier Mix
47997162,Terrier Mix
47787282,American Staffordshire Terrier Mix
46513901,Catahoula Leopard Dog Mix
45718385,Chocolate Labrador Retriever Mix
44750878,American Staffordshire Terrier Mix
41767497,Pit Bull Terrier Mix
48490855,Terrier
48490829,Pointer
48490801,Beagle
48490655,Catahoula Leopard Dog & Great Pyrenees Mix
48490542,Shepherd
48490521,Papillon & Chihuahua Mix
48444760,German Shepherd Dog
48403505,Terrier
48403452,Chihuahua
48403366,Labrador Retriever
48403237,Chiweenie
48403048,Labrador Retriever Mix
48403016,American Bulldog
48226629,German Shepherd Dog
48057735,German Shepherd Dog
47967246,German Shepherd Dog Mix
47901258,Rat Terrier Mix
47529857,Rat Terrier
47346210,German Shepherd Dog
47282350,German Shepherd Dog
47157537,German Shepherd Dog
45238757,German Shepherd Dog
48469571,Mixed Breed
48467705,Yorkshire Terrier
48461249,Mixed Breed
48454664,Mixed Breed
48445461,Beagle
48391002,Mixed Breed
48361917,Chihuahua
48360609,Labrador Retriever
48261012,Mixed Breed
48239047,Mixed Breed
48220623,Mixed Breed
48180229,Mixed Breed
48165559,Mixed Breed
48165541,Mixed Breed
48165572,Mixed Breed
48165523,Mixed Breed
48165549,Mixed Breed
48165539,Mixed Breed
48156574,Australian Cattle Dog / Blue Heeler
48090824,Dachshund
48090629,Cairn Terrier
48019477,Chihuahua
47519700,Chihuahua
41227161,Hound Mix
48485395,Belgian Shepherd / Malinois
48409080,Staffordshire Bull Terrier Mix
48409038,Boxer Mix
48404974,American Bulldog & Pit Bull Terrier Mix
48373840,Pointer & Bloodhound Mix
48360646,Australian Cattle Dog / Blue Heeler
47931095,American Staffordshire Terrier
48493962,Mixed Breed
48493946,Mixed Breed
48493914,Mixed Breed
48474020,Mixed Breed
48474008,Mixed Breed
48467220,Mixed Breed
48467214,Mixed Breed
48467146,Mixed Breed
48459176,Mixed Breed
48459160,Mixed Breed
48459145,Mixed Breed
48459122,Mixed Breed
48459108,Mixed Breed
48459079,Mixed Breed
48459013,Mixed Breed
48459010,Labrador Retriever Mix
48438557,Mixed Breed
48350588,Mixed Breed
48350441,German Shepherd Dog
48343779,Mixed Breed
48318940,Mixed Breed
48288309,Mixed Breed
48281638,Mixed Breed
48274717,Mixed Breed
48267190,Mixed Breed
48267152,Mixed Breed
48265467,Mixed Breed
48265437,Mixed Breed
48264765,Mixed Breed
47933180,Mixed Breed
47745190,Mixed Breed
47343779,Mixed Breed
46875089,Mixed Breed
46273648,Mixed Breed
45801816,Mixed Breed
45801607,Mixed Breed
44938730,Mixed Breed
42782204,Mixed Breed
41577743,Mixed Breed
48493402,Terrier Mix
48448497,Shepherd & Great Pyrenees Mix
48448496,German Shepherd Dog
48448500,Husky
48448501,Terrier
48448498,Pit Bull Terrier
48448499,Border Collie Mix
48427929,Shepherd
48427923,Shepherd Mix
48358118,Black Mouth Cur Mix
48335266,Border Collie & Husky Mix
48325677,Border Collie Mix
48244443,Pit Bull Terrier
48225731,Pit Bull Terrier
48100133,Labrador Retriever Mix
48093832,Terrier Mix
47929212,Pit Bull Terrier
47754891,Doberman Pinscher Mix
47659960,Pit Bull Terrier
47522685,Staffordshire Bull Terrier
47509456,Boxer & Shar-Pei Mix
46977668,Australian Cattle Dog / Blue Heeler
46491664,Great Dane Mix
45811144,Pit Bull Terrier Mix
45811101,Labrador Retriever & Shepherd Mix
45811088,Australian Cattle Dog / Blue Heeler & Pit Bull Terrier Mix
48496002,Chihuahua Mix
48496001,Jack Russell Terrier & Dachshund Mix
48390692,Boxer Mix
48319328,Boxer Mix
48265601,Hound & Labrador Retriever Mix
48265600,Toy Fox Terrier Mix
48265602,Labrador Retriever Mix
48265599,Hound & Black Labrador Retriever Mix
48249159,Toy Fox Terrier
48143887,Shepherd & Black Labrador Retriever Mix
47996269,Boxer & American Staffordshire Terrier Mix
47831660,Black Labrador Retriever Mix
47659092,Catahoula Leopard Dog & Smooth Collie Mix
47358723,Labrador Retriever & Smooth Collie Mix
46686822,Flat-Coated Retriever & Smooth Collie Mix
43484793,Labrador Retriever
48495396,Pit Bull Terrier
48495395,Shepherd Mix
48488786,Pit Bull Terrier
48488785,Cattle Dog & Terrier Mix
48488267,Husky
48488268,Boxer & Labrador Retriever Mix
48488266,Husky Mix
48483805,Rottweiler
48477262,Anatolian Shepherd
48476456,Beagle & Akita Mix
48475885,Retriever & Great Pyrenees Mix
48470808,Labrador Retriever
48468032,Australian Cattle Dog / Blue Heeler
48468031,Australian Cattle Dog / Blue Heeler
48444002,German Shepherd Dog
48441491,Labrador Retriever & Great Pyrenees Mix
48441489,Pit Bull Terrier
48434882,Cattle Dog
48434881,Hound & Pit Bull Terrier Mix
48433051,Pit Bull Terrier
48414388,Australian Cattle Dog / Blue Heeler
48413573,Labrador Retriever
48403840,German Shepherd Dog Mix
48403839,Retriever Mix
48403838,German Shepherd Dog Mix
48399262,Pit Bull Terrier
48394569,Cardigan Welsh Corgi & Terrier Mix
48393997,Pit Bull Terrier
48384909,Plott Hound
48384910,Shepherd
48384194,Labrador Retriever
48374037,Terrier
48374034,Australian Cattle Dog / Blue Heeler
48372337,Mastiff & Boxer Mix
48370031,Shepherd
48363550,Black Mouth Cur
48354148,Boxer
48353572,Chihuahua
48348448,Australian Cattle Dog / Blue Heeler Mix
48336959,Cattle Dog
48312718,Boston Terrier
48308970,Retriever & German Shepherd Dog Mix
48301840,Retriever
48301839,Retriever
48292428,Pit Bull Terrier
48278142,Retriever & Shar-Pei Mix
48274900,Shepherd Mix
48187088,Black Labrador Retriever
48128119,Pit Bull Terrier
47958393,Mountain Cur Mix
47756051,Akita
33715319,American Staffordshire Terrier
48345369,Labrador Retriever Mix
48345088,German Shepherd Dog Mix
48345076,Australian Shepherd
48040859,Boxer Mix
48445846,Staffordshire Bull Terrier Mix
48445848,Catahoula Leopard Dog & American Staffordshire Terrier Mix
48435769,American Staffordshire Terrier Mix
48435011,American Staffordshire Terrier Mix
48435012,Mastiff & American Staffordshire Terrier Mix
48435013,Chihuahua Mix
48432567,Shepherd Mix
48420982,German Shepherd Dog & Labrador Retriever Mix
48398585,American Staffordshire Terrier Mix
48384374,Great Pyrenees & German Shorthaired Pointer Mix
48373427,Chihuahua Mix
48373431,Shepherd Mix
48369504,American Staffordshire Terrier Mix
48176483,Shepherd & American Staffordshire Terrier Mix
48172531,Shepherd Mix
48151495,Labrador Retriever & Hound Mix
48032568,Chihuahua
48026580,American Staffordshire Terrier Mix
47935434,Labrador Retriever Mix
47774699,American Staffordshire Terrier Mix
48455632,Pit Bull Terrier Mix
48408477,Basenji & Beagle Mix
48397407,Labrador Retriever & Cattle Dog Mix
48388930,Retriever Mix
48235327,Catahoula Leopard Dog
48235221,Carolina Dog & Chihuahua Mix
48142677,Yorkshire Terrier
47921502,American Staffordshire Terrier Mix
47919130,American Staffordshire Terrier & Pit Bull Terrier Mix
47914204,Chihuahua & Beagle Mix
47914191,Chihuahua & Beagle Mix
47771518,American Staffordshire Terrier Mix
47769119,Australian Kelpie
47695256,Husky & Australian Kelpie Mix
47668302,Pit Bull Terrier
47622997,Great Pyrenees & Akbash Mix
47435668,English Bulldog & Boxer Mix
47341113,Australian Shepherd
47328220,Beagle & German Shepherd Dog Mix
47328117,Rottweiler
47310048,German Shepherd Dog
47309647,Border Collie & Great Pyrenees Mix
47300201,American Bully & American Staffordshire Terrier Mix
47299999,Labrador Retriever & German Shepherd Dog Mix
47299968,American Staffordshire Terrier & Pit Bull Terrier Mix
47290569,German Shepherd Dog
47290535,German Shepherd Dog
47290493,American Staffordshire Terrier & American Bulldog Mix
47282133,Cattle Dog & American Staffordshire Terrier Mix
41393434,Mountain Cur & Plott Hound Mix
41383528,American Bulldog Mix
41383526,Pit Bull Terrier Mix
41377020,American Staffordshire Terrier Mix
41377021,Labrador Retriever Mix
41373413,Boxer & Pit Bull Terrier Mix
41373414,Australian Cattle Dog / Blue Heeler & Pit Bull Terrier Mix
41373416,Australian Cattle Dog / Blue Heeler & Jack Russell Terrier Mix
41373415,Australian Kelpie & Australian Cattle Dog / Blue Heeler Mix
41373411,Australian Cattle Dog / Blue Heeler & Jack Russell Terrier Mix
41363747,Shar-Pei & Pit Bull Terrier Mix
41354738,Australian Cattle Dog / Blue Heeler & Pit Bull Terrier Mix
38415073,American Bulldog Mix
38415075,Terrier & German Shepherd Dog Mix
38415079,Australian Cattle Dog / Blue Heeler & Pit Bull Terrier Mix
38415080,Pit Bull Terrier & Australian Cattle Dog / Blue Heeler Mix
15346906,Greyhound & Labrador Retriever Mix
14817712,Border Collie & Labrador Retriever Mix
47992828,Border Collie & Great Dane Mix
48459638,Border Collie & Labrador Retriever Mix
48459636,Border Collie & Labrador Retriever Mix
48459637,Border Collie & Labrador Retriever Mix
47984783,American Staffordshire Terrier & Pit Bull Terrier Mix
47387518,Australian Cattle Dog / Blue Heeler Mix
47387520,German Shepherd Dog & Labrador Retriever Mix
45419964,Beagle & Brittany Spaniel Mix
48435684,Dachshund Mix
48435678,Shepherd Mix
48317919,Terrier Mix
48317874,English Toy Spaniel Mix
47500181,Cattle Dog Mix
47154939,Pit Bull Terrier
46973961,Pit Bull Terrier
46553382,Labrador Retriever & Patterdale Terrier / Fell Terrier Mix
45753247,American Staffordshire Terrier
48466838,Pharaoh Hound & Labrador Retriever Mix
48437987,German Shepherd Dog & Black Mouth Cur Mix
48272915,Chihuahua & Dachshund Mix
48069036,Coonhound & Pointer Mix
48069034,Boxer & Mastiff Mix
47961374,Labrador Retriever Mix
47877836,Plott Hound Mix
47359098,Labrador Retriever
45810751,Husky & Affenpinscher Mix
45810707,Chihuahua & Miniature Pinscher Mix
45810699,Chihuahua & Miniature Pinscher Mix
45810731,Pit Bull Terrier
47100330,American Staffordshire Terrier
47100317,Yellow Labrador Retriever Mix
38661451,Labrador Retriever Mix
37530527,Labrador Retriever
36558905,Shepherd & Yellow Labrador Retriever Mix
36558879,American Staffordshire Terrier & Labrador Retriever Mix
36558802,Golden Retriever
36553469,Boxer & Labrador Retriever Mix
48493325,Pit Bull Terrier Mix
48493321,Shar-Pei & Labrador Retriever Mix
48482857,Labrador Retriever
48482842,Collie & Australian Shepherd Mix
48473915,American Staffordshire Terrier
48466861,Labrador Retriever & Catahoula Leopard Dog Mix
48466852,Pit Bull Terrier
48466854,Beagle
48458825,Shepherd & Terrier Mix
48458826,German Shepherd Dog
48448943,Chihuahua & Whippet Mix
48438043,Hound
48438042,Labrador Retriever Mix
48427984,Shepherd Mix
48417620,Rottweiler & Labrador Retriever Mix
48417613,Chihuahua
48417594,Cattle Dog & Australian Cattle Dog / Blue Heeler Mix
48417606,Australian Cattle Dog / Blue Heeler & Hound Mix
48388637,Labrador Retriever & Pit Bull Terrier Mix
48388635,American Staffordshire Terrier
48367959,Labrador Retriever & Shepherd Mix
48358367,Pit Bull Terrier
48325588,Retriever & Rhodesian Ridgeback Mix
48305921,Pit Bull Terrier
48305923,Labrador Retriever
48280762,Pit Bull Terrier
48254350,Pit Bull Terrier Mix
48254341,Whippet & Terrier Mix
48234468,Chihuahua & Terrier Mix
48184562,Labrador Retriever Mix
48156109,Labrador Retriever Mix
48148877,Labrador Retriever
48492502,Terrier Mix
48492492,Dachshund & Terrier Mix
48492468,Dachshund Mix
48021831,Labrador Retriever & Boxer Mix
47976755,Terrier & Beagle Mix
47976645,Shepherd & Terrier Mix
46325140,Shepherd Mix
45175785,Terrier Mix
45175781,Terrier Mix
44002279,Terrier Mix
41311827,Terrier Mix
40698178,Australian Kelpie & Terrier Mix
40698133,Australian Kelpie & Terrier Mix
40698116,Australian Kelpie & Terrier Mix
48496943,Terrier
48496680,Dachshund Mix
48485400,Husky
48480645,Rottweiler
48470143,Wirehaired Terrier
48470138,Wirehaired Terrier
48470130,Wirehaired Terrier
48468292,Labrador Retriever Mix
48460354,Labrador Retriever Mix
48460353,Labrador Retriever Mix
48458610,Border Collie & Terrier Mix
48448408,Miniature Pinscher Mix
48437031,Rat Terrier & Dachshund Mix
48413615,Wire Fox Terrier
48396856,Cattle Dog
48379333,Labrador Retriever & American Staffordshire Terrier Mix
48378077,Labrador Retriever & American Staffordshire Terrier Mix
48378076,Labrador Retriever & American Staffordshire Terrier Mix
48364187,German Shorthaired Pointer
48330430,Anatolian Shepherd Mix
48302983,Border Collie & Labrador Retriever Mix
48279431,Labrador Retriever
48218172,Pit Bull Terrier
48191158,Boxer & Hound Mix
48106385,Pit Bull Terrier & American Bulldog Mix
48017029,Redbone Coonhound Mix
47895546,Boxer
47876650,Pit Bull Terrier
47306721,Labrador Retriever
42950195,Pit Bull Terrier Mix
34988116,Hound Mix
34498676,Treeing Walker Coonhound
33586805,Hound Mix
33333443,Rhodesian Ridgeback & Catahoula Leopard Dog Mix
33211737,Black and Tan Coonhound
33211345,English Coonhound
28646564,Hound
28624763,Catahoula Leopard Dog
28624721,Great Pyrenees Mix
28624070,Treeing Walker Coonhound
28623959,Treeing Walker Coonhound
28623933,Rhodesian Ridgeback & Redbone Coonhound Mix
28601234,Rhodesian Ridgeback
28600575,Pointer
25972163,Rhodesian Ridgeback Mix
19217634,Bullmastiff & Labrador Retriever Mix
19217615,Labrador Retriever & German Shepherd Dog Mix
15058161,Rhodesian Ridgeback Mix
48375604,Hound Mix
48375605,Mixed Breed
48375020,Hound Mix
48069480,Siberian Husky Mix
47769815,Hound
47280488,Yellow Labrador Retriever Mix
46796774,Boxer & Black Mouth Cur Mix
46575967,Australian Cattle Dog / Blue Heeler & German Shepherd Dog Mix
46139343,Pit Bull Terrier & Dalmatian Mix
44467499,Catahoula Leopard Dog
36220911,American Bulldog & Pit Bull Terrier Mix
30958563,American Staffordshire Terrier & Cattle Dog Mix
29198570,American Staffordshire Terrier
26648845,American Staffordshire Terrier
48488544,Labrador Retriever Mix
48488428,Boxer Mix
48488384,Labrador Retriever Mix
48479746,Labrador Retriever
48476902,Husky Mix
48476804,Chihuahua
48422457,Labrador Retriever Mix
48422432,Mixed Breed
48422078,Wirehaired Pointing Griffon Mix
48381040,Retriever
48302483,Labrador Retriever
48300049,Pit Bull Terrier Mix
48179311,Mixed Breed
48118604,Shepherd Mix
48065174,Blue Lacy Mix
47716246,Cairn Terrier
47518578,Staffordshire Bull Terrier Mix
47315216,American Bulldog & Weimaraner Mix
44921869,Hound Mix
44916262,Rottweiler Mix
40018880,Poodle & Terrier Mix
48364272,English Setter
48203770,English Setter & Hound Mix
48468280,Shepherd Mix
48374507,Shar-Pei & Labrador Retriever Mix
48346590,Terrier Mix
48077948,Rottweiler Mix
47233083,Shepherd Mix
46655327,Terrier & Weimaraner Mix
44817428,Saluki Mix
41222502,Labrador Retriever Mix
24638526,Australian Cattle Dog / Blue Heeler & Shepherd Mix
48484769,Black and Tan Coonhound Mix
48484180,Pit Bull Terrier
48469055,American Staffordshire Terrier Mix
48455052,Pit Bull Terrier Mix
48455051,Pit Bull Terrier & Basset Hound Mix
48429596,Pit Bull Terrier Mix
48405326,Pit Bull Terrier
48381229,Pit Bull Terrier Mix
48373515,Pit Bull Terrier
48350023,Pit Bull Terrier Mix
48323100,Pit Bull Terrier Mix
48171142,Border Collie Mix
47916251,Husky & Retriever Mix
47260000,Pit Bull Terrier Mix
48499673,Shepherd
48474270,Tennessee Treeing Brindle
48474238,Poodle
48474229,Basenji Mix
48460177,Yellow Labrador Retriever
48298364,Catahoula Leopard Dog Mix
48297116,Shepherd Mix
48230385,Mixed Breed
48170952,American Staffordshire Terrier
48149819,Staffordshire Bull Terrier
48127347,Staffordshire Bull Terrier
47292679,Terrier & Hound Mix
47282952,Labrador Retriever
46895609,Shepherd Mix
45665959,American Staffordshire Terrier & Labrador Retriever Mix
37036429,American Staffordshire Terrier & Rottweiler Mix
27756530,Labrador Retriever & Shar-Pei Mix
27756514,Labrador Retriever & Shar-Pei Mix
27756385,Beauceron & Wheaten Terrier Mix
27425534,Labrador Retriever Mix
48498122,Mixed Breed
48471080,Mixed Breed
48444305,Mixed Breed
48440367,Mixed Breed
48337271,Mixed Breed
48297671,Mixed Breed
48297673,Mixed Breed
48168224,Mixed Breed
48167083,Mixed Breed
48167097,Mixed Breed
48167105,Mixed Breed
48167089,Mixed Breed
48167103,Mixed Breed
48167096,Mixed Breed
48167086,Mixed Breed
48167111,Mixed Breed
48426269,Australian Kelpie & Border Collie Mix
37547628,Shepherd & Labrador Retriever Mix
37547605,Labrador Retriever Mix
34559432,Cattle Dog Mix
29765002,Spitz & Setter Mix
28827937,Hound & Yellow Labrador Retriever Mix
27886431,Husky Mix
27886336,Yellow Labrador Retriever & Hound Mix
26834625,Black Mouth Cur & Shepherd Mix
26698604,Border Collie & Labrador Retriever Mix
26518205,Yellow Labrador Retriever & Shepherd Mix
26416835,Greyhound & Vizsla Mix
26110404,Border Collie & Labrador Retriever Mix
48419798,Anatolian Shepherd & Great Pyrenees Mix
48233507,Yorkshire Terrier
48410142,Pit Bull Terrier
48248556,Pit Bull Terrier Mix
48366824,Basenji Mix
48366810,American Staffordshire Terrier Mix
48051180,Chihuahua Mix
47848957,Rottweiler Mix
47775776,Plott Hound Mix
47714952,Chihuahua Mix
48426106,Shepherd Mix
48371253,Pit Bull Terrier Mix
48371251,Labrador Retriever Mix
48351752,Labrador Retriever Mix
48216573,Pit Bull Terrier Mix
48073902,Pit Bull Terrier Mix
48023056,Pit Bull Terrier Mix
47340201,American Staffordshire Terrier & Pit Bull Terrier Mix
47340162,Terrier Mix
47339903,Labrador Retriever Mix
47339854,Chihuahua & Terrier Mix
47339841,Beagle Mix
47339834,Beagle Mix
47339424,Border Collie Mix
47339368,Pit Bull Terrier & Basset Hound Mix
47339294,Labrador Retriever & Terrier Mix
47339255,Pit Bull Terrier & Labrador Retriever Mix
47339238,Catahoula Leopard Dog Mix
47339166,Labrador Retriever Mix
47339100,Labrador Retriever Mix
47339092,German Shepherd Dog & Shepherd Mix
47339010,Border Collie & Terrier Mix
47338996,Border Collie Mix
47338874,Chihuahua Mix
47096359,Shepherd & Shiba Inu Mix
48173498,Shepherd Mix
47398241,Pit Bull Terrier Mix
48493912,Chihuahua Mix
48493951,Chihuahua Mix
48493984,Chihuahua Mix
48496480,Wheaten Terrier Mix
48495488,Wheaten Terrier Mix
48493910,Chihuahua Mix
48493886,Chihuahua Mix
48488731,Jack Russell Terrier Mix
48449566,Irish Terrier Mix
48440217,Chihuahua
48365954,Pit Bull Terrier & Labrador Retriever Mix
48354116,Rat Terrier Mix
48332176,Boxer & American Staffordshire Terrier Mix
48289630,Jack Russell Terrier
48095632,Dachshund Mix
47984535,Boxer Mix
46768922,Great Pyrenees & Akita Mix
45023904,Chihuahua Mix
45023797,Chihuahua Mix
48490172,German Shepherd Dog Mix
48489915,Shepherd Mix
48486981,Boxer Mix
48486838,Labrador Retriever Mix
48486079,Labrador Retriever Mix
48485723,Labrador Retriever & Great Pyrenees Mix
48485497,Siberian Husky Mix
48373446,Boxer Mix
48373347,Shepherd Mix
48373064,Plott Hound Mix
48372906,Labrador Retriever Mix
48221214,Labrador Retriever Mix
48016187,Siberian Husky Mix
47947698,Black Mouth Cur Mix
47621198,Shepherd Mix
48489054,Hound Mix
48482339,Labrador Retriever Mix
48327927,Labrador Retriever Mix
48326258,Labrador Retriever
48326223,Labrador Retriever & Shepherd Mix
48326221,Collie Mix
48304451,Wheaten Terrier Mix
48304426,Labrador Retriever Mix
48275145,Labrador Retriever Mix
48092936,Shepherd & Labrador Retriever Mix
48068112,Labrador Retriever
48068084,Labrador Retriever Mix
48068070,Labrador Retriever Mix
48067923,Labrador Retriever Mix
48058336,Staffordshire Bull Terrier Mix
47939666,Poodle Mix
47911272,Labrador Retriever Mix
47792625,Chihuahua Mix
47792616,Schnauzer Mix
47792600,Shepherd Mix
47792562,Boxer Mix
47792522,Shepherd Mix
47792506,Chihuahua Mix
47357097,Chihuahua
46679700,Shepherd Mix
43433718,Shih Tzu Mix
41126777,Border Terrier Mix
40831988,Boxer Mix
40156118,Labrador Retriever & American Bulldog Mix
37659909,Labrador Retriever Mix
36386980,Chihuahua Mix
35891076,Miniature Pinscher & Chihuahua Mix
35855250,Chihuahua Mix
35695050,Chihuahua & Terrier Mix
34875011,Labrador Retriever Mix
22612611,Terrier & Labrador Retriever Mix
48494252,Dachshund Mix
48494253,Dachshund Mix
48478143,Dachshund Mix
48478045,Dachshund Mix
48476640,Collie & Chihuahua Mix
48310839,Dachshund
48239855,Dachshund
48238425,Dachshund
48175124,Dachshund Mix
48168034,Dachshund & Chihuahua Mix
48107303,American Staffordshire Terrier Mix
48107204,American Staffordshire Terrier
48057290,Mixed Breed
48057219,Mixed Breed
48010433,Dachshund
47956562,American Staffordshire Terrier
47854411,Dachshund & Chihuahua Mix
47703980,Dachshund
47265844,Boxer Mix
46775723,Dachshund & Basset Hound Mix
46711722,Vizsla Mix
46711723,Vizsla Mix
46711691,Doberman Pinscher & Chihuahua Mix
45707869,Black Mouth Cur Mix
44955922,Labrador Retriever & Collie Mix
44955921,German Shepherd Dog & Collie Mix
44947824,Border Collie & German Shepherd Dog Mix
44947828,Border Collie & German Shepherd Dog Mix
44947826,Border Collie & German Shepherd Dog Mix
44947823,Border Collie & German Shepherd Dog Mix
44947827,Border Collie & German Shepherd Dog Mix
44163014,Cocker Spaniel & Retriever Mix
43387942,American Staffordshire Terrier
42920960,Australian Cattle Dog / Blue Heeler & Labrador Retriever Mix
42920944,Labrador Retriever & Boxer Mix
40858040,Dachshund
38295664,Dachshund
38708836,German Shepherd Dog
36490380,Australian Kelpie Mix
35235876,German Shepherd Dog
33192137,German Shepherd Dog
30278085,German Shepherd Dog
24768132,German Shepherd Dog Mix
24638315,Pointer Mix
48455362,Mixed Breed
48454792,Pit Bull Terrier Mix
48454793,Chihuahua Mix
48304834,Catahoula Leopard Dog Mix
48281942,Whippet Mix
48002173,Labrador Retriever Mix
47890710,Labrador Retriever Mix
48479434,Border Collie Mix
48453638,German Shepherd Dog & Labrador Retriever Mix
48453636,German Shepherd Dog & Labrador Retriever Mix
48453635,German Shepherd Dog & Labrador Retriever Mix
48453634,German Shepherd Dog & Labrador Retriever Mix
48453640,German Shepherd Dog & Labrador Retriever Mix
48453637,German Shepherd Dog & Labrador Retriever Mix
48453639,German Shepherd Dog & Labrador Retriever Mix
48453633,German Shepherd Dog & Labrador Retriever Mix
48452076,Dachshund & Chihuahua Mix
48452077,Dachshund & Chihuahua Mix
48452075,German Shepherd Dog & Black Labrador Retriever Mix
48384040,Mixed Breed
48380763,American Bulldog & Pit Bull Terrier Mix
48380131,American Bulldog & Pit Bull Terrier Mix
48380128,Pit Bull Terrier
48380129,Shepherd & Cattle Dog Mix
48339737,Treeing Walker Coonhound
48300374,Pit Bull Terrier
48172345,German Shepherd Dog
48110086,Catahoula Leopard Dog Mix
48108791,Mixed Breed
48033646,Beagle & Chihuahua Mix
47928124,Border Collie Mix
47911435,German Shepherd Dog Mix
47911436,Yellow Labrador Retriever & Great Pyrenees Mix
47326663,Hound
46747434,Boxer & American Staffordshire Terrier Mix
44719328,Catahoula Leopard Dog Mix
48311820,Chihuahua & Terrier Mix
47575307,Boxer & Hound Mix
47524934,Chow Chow
45416980,Labrador Retriever Mix
48154564,Chihuahua
48154567,Chihuahua
47962466,English Bulldog
47814105,Cattle Dog
47814122,Australian Cattle Dog / Blue Heeler
46739877,Mixed Breed
48496930,Labrador Retriever
48496875,Labrador Retriever
48496573,Retriever
48496532,Retriever
48496495,Retriever
48496386,Retriever
48496318,Retriever
48496201,Retriever
48496182,Retriever
48478994,Anatolian Shepherd
48478848,Anatolian Shepherd
48478766,Labrador Retriever & Boxer Mix
48478664,Australian Cattle Dog / Blue Heeler & Collie Mix
48478605,Chihuahua
48470219,Labrador Retriever & Boxer Mix
48470158,Labrador Retriever & Boxer Mix
48470118,Labrador Retriever & Boxer Mix
48450674,Vizsla & Hound Mix
48439611,Chihuahua
48418601,Shepherd
48402994,Terrier Mix
48247209,Hound & Retriever Mix
48247035,Hound & Retriever Mix
48232729,Terrier Mix
48208987,Chihuahua
47997968,Terrier Mix
47922830,Collie & Shepherd Mix
47911365,English Bulldog
47903934,Bull Terrier
47860031,Hound
47842196,Great Pyrenees
46390113,Boxer & American Staffordshire Terrier Mix
31385106,Mastiff Mix
31287943,Black Mouth Cur Mix
48488927,Husky Mix
48475305,Chihuahua Mix
48441482,Husky Mix
48431373,Australian Shepherd & German Shepherd Dog Mix
48430487,Shepherd Mix
48331951,Labrador Retriever & Chow Chow Mix
48424793,Labrador Retriever Mix
48424721,Shepherd Mix
48201848,Chihuahua Mix
48145478,Dachshund & Chihuahua Mix
48145356,Chiweenie Mix
48145691,Shepherd Mix
47796093,Australian Cattle Dog / Blue Heeler Mix
48336283,American Staffordshire Terrier & Pit Bull Terrier Mix
48336241,Catahoula Leopard Dog & Labrador Retriever Mix
48014757,Great Dane
48014736,Great Dane
47699854,Great Dane
48492509,Terrier Mix
48491711,Brussels Griffon & Terrier Mix
48491712,Great Pyrenees Mix
48491625,Old English Sheepdog Mix
48491368,Hound Mix
48491222,Terrier Mix
48491221,Terrier Mix
48491220,Terrier Mix
48490966,Terrier Mix
48490965,Terrier Mix
48489720,Dachshund Mix
48489719,Dachshund Mix
48481496,Terrier & Shepherd Mix
48474581,American Staffordshire Terrier & Boxer Mix
48473075,Siberian Husky & Great Dane Mix
48472210,Schnauzer
48464760,German Shepherd Dog
48444221,Klee Kai Mix
48423258,Shepherd Mix
48416505,Great Dane & Husky Mix
48416504,Great Dane & Husky Mix
48416230,English Bulldog
48406096,Basenji Mix
48399507,Terrier Mix
48397851,Retriever
48375359,Hound Mix
48341185,Tibetan Terrier Mix
48328429,Australian Cattle Dog / Blue Heeler Mix
48304412,Shepherd Mix
48290727,Husky & Labrador Retriever Mix
48290445,Mastiff Mix
48290447,Great Dane
48290444,Great Dane
48285135,Shetland Sheepdog / Sheltie Mix
48262262,Labrador Retriever Mix
48103033,Chihuahua
48070494,Chihuahua & Dachshund Mix
48067891,Labrador Retriever & German Shepherd Dog Mix
48050700,Great Dane & Mastiff Mix
46287046,Chihuahua Mix
48050572,Retriever Mix
47829071,Corgi Mix
47356043,Labrador Retriever & Shepherd Mix
46893878,Pit Bull Terrier & Labrador Retriever Mix
45286857,Shih Tzu Mix
42208573,Chihuahua
35293970,Terrier Mix
29192327,Chihuahua
29192297,Terrier
29106262,Schnauzer & Terrier Mix
27780370,Chihuahua Mix
27707692,Shih Tzu & Terrier Mix
48447811,Beagle & Australian Cattle Dog / Blue Heeler Mix
48399975,Chihuahua
48399974,Black Labrador Retriever
48399684,Yellow Labrador Retriever & Shar-Pei Mix
48053072,Fox Terrier & Labrador Retriever Mix
47997905,Terrier & Shepherd Mix
47836217,Anatolian Shepherd Mix
47648644,Labrador Retriever Mix
46888014,Labrador Retriever & Boxer Mix
46815807,Cattle Dog
45012477,Labrador Retriever Mix
45006479,Shepherd Mix
45006478,Shepherd Mix
43447902,Terrier Mix
40535118,Labrador Retriever & Hound Mix
38431419,Whippet & Chihuahua Mix
38431420,Whippet & Chihuahua Mix
38431421,Whippet & Chihuahua Mix
48288554,Hound & Greyhound Mix
47570934,Labrador Retriever & Cattle Dog Mix
47570894,Australian Cattle Dog / Blue Heeler & Cattle Dog Mix
47467717,American Staffordshire Terrier & Hound Mix
47467663,Black Mouth Cur & Terrier Mix
47467264,Bull Terrier & Mountain Cur Mix
47466220,Pit Bull Terrier & Hound Mix
47466201,Australian Cattle Dog / Blue Heeler & Border Collie Mix
47466194,Mountain Cur & Terrier Mix
47466148,Mountain Cur & Beagle Mix
46855582,Catahoula Leopard Dog & Labrador Retriever Mix
46855395,Black Mouth Cur & American Bully Mix
46855322,Shepherd & Australian Cattle Dog / Blue Heeler Mix
45885432,American Staffordshire Terrier
45885384,Spitz & Labrador Retriever Mix
45885375,Boxer Mix
45885238,Labrador Retriever & American Staffordshire Terrier Mix
45135989,Catahoula Leopard Dog & Black Mouth Cur Mix
45134474,Chihuahua
44160136,Black Mouth Cur & Catahoula Leopard Dog Mix
44160105,Catahoula Leopard Dog & Mountain Cur Mix
44101117,Labrador Retriever & American Staffordshire Terrier Mix
44101187,American Staffordshire Terrier Mix
43957980,Australian Cattle Dog / Blue Heeler & Terrier Mix
43957977,Mountain Cur & Beagle Mix
43957971,Beagle & Mountain Cur Mix
43783454,Beagle & Hound Mix
43783436,Beagle & Hound Mix
43408654,Black Mouth Cur & Labrador Retriever Mix
43163247,Hound Mix
43064833,Mountain Cur & Rat Terrier Mix
43064498,American Staffordshire Terrier Mix
42473702,Labrador Retriever & Border Collie Mix
42473697,Labrador Retriever Mix
42399100,Dachshund & Beagle Mix
42399096,Beagle & Border Collie Mix
42399091,Rat Terrier & Beagle Mix
42399084,Mountain Cur & Beagle Mix
42399068,Labrador Retriever Mix
42399062,Rat Terrier & Border Collie Mix
42399034,Black Mouth Cur & Cattle Dog Mix
42275583,Border Collie Mix
41606544,Mountain Cur & Dachshund Mix
41517494,Black Mouth Cur & Labrador Retriever Mix
41356698,Labrador Retriever Mix
41356534,Labrador Retriever Mix
41356167,Australian Cattle Dog / Blue Heeler & Cattle Dog Mix
40759040,Labrador Retriever & American Staffordshire Terrier Mix
39810556,Border Collie & Labrador Retriever Mix
39810491,Australian Cattle Dog / Blue Heeler & Dachshund Mix
39810448,Labrador Retriever & Black Mouth Cur Mix
39810222,Labrador Retriever Mix
39810153,Labrador Retriever Mix
39809853,Labrador Retriever Mix
39807245,Australian Cattle Dog / Blue Heeler Mix
39807230,American Staffordshire Terrier & Pit Bull Terrier Mix
39807208,American Staffordshire Terrier Mix
39807188,American Staffordshire Terrier Mix
39807153,American Staffordshire Terrier Mix
39807137,Pit Bull Terrier Mix
39807103,Akita & American Staffordshire Terrier Mix
39807057,American Staffordshire Terrier Mix
39807029,American Staffordshire Terrier & Labrador Retriever Mix
39807015,American Staffordshire Terrier Mix
39807003,Black Mouth Cur & Catahoula Leopard Dog Mix
39806993,American Staffordshire Terrier & Pit Bull Terrier Mix
39806978,Labrador Retriever Mix
39792251,Chihuahua Mix
39573334,American Staffordshire Terrier Mix
39573296,Labrador Retriever & Terrier Mix
39573238,Catahoula Leopard Dog & Black Mouth Cur Mix
39573199,American Staffordshire Terrier
39573167,Labrador Retriever & American Staffordshire Terrier Mix
39573135,American Staffordshire Terrier Mix
39573081,American Staffordshire Terrier Mix
39153250,American Bulldog Mix
37569498,Labrador Retriever Mix
37569486,Labrador Retriever Mix
33518439,Pit Bull Terrier
28754848,Labrador Retriever Mix
28623474,Dutch Shepherd Mix
26645035,Yellow Labrador Retriever Mix
24092456,Terrier Mix
22505564,Hound Mix
15448357,Shepherd Mix
14545659,Labrador Retriever Mix
13340379,American Staffordshire Terrier Mix
13340288,American Staffordshire Terrier Mix
13340380,Pit Bull Terrier Mix
42345415,Chihuahua & Dachshund Mix
48321580,Labrador Retriever & American Staffordshire Terrier Mix
48094463,Cattle Dog & Labrador Retriever Mix
48094462,Cattle Dog & Labrador Retriever Mix
47703783,Terrier & Labrador Retriever Mix
45828629,Labrador Retriever & Hound Mix
45828628,Labrador Retriever & Hound Mix
45828376,Labrador Retriever & Hound Mix
45828308,Labrador Retriever & Hound Mix
45827945,Labrador Retriever & Hound Mix
44403868,Border Collie & Doberman Pinscher Mix
43993263,German Shepherd Dog & Black Mouth Cur Mix
42532597,Labrador Retriever Mix
41436358,Labrador Retriever & American Staffordshire Terrier Mix
38417628,Basset Hound & Labrador Retriever Mix
37694838,Labrador Retriever Mix
34096341,Husky
34078819,Border Collie Mix
34078814,Basset Hound & Labrador Retriever Mix
34078809,Border Collie Mix
48498599,Australian Cattle Dog / Blue Heeler
48497728,Terrier & Chihuahua Mix
48496806,American Staffordshire Terrier Mix
48496805,Collie & Cardigan Welsh Corgi Mix
48496162,Shepherd Mix
48496113,Terrier & Labrador Retriever Mix
48496112,Golden Retriever Mix
48496111,Terrier Mix
48496110,Terrier & Chihuahua Mix
48495393,Shepherd Mix
48495378,American Staffordshire Terrier Mix
48494386,Chow Chow
48492585,Terrier Mix
48492579,Labrador Retriever Mix
48492578,Labrador Retriever Mix
48492577,Australian Cattle Dog / Blue Heeler Mix
48492456,American Staffordshire Terrier Mix
48491944,Australian Cattle Dog / Blue Heeler Mix
48490443,Corgi Mix
48490446,Terrier Mix
48490358,Beagle
48490357,Chihuahua Mix
48490356,Labrador Retriever Mix
48489374,Chihuahua & Dachshund Mix
48489371,Australian Cattle Dog / Blue Heeler Mix
48489370,Boxer Mix
48489368,American Staffordshire Terrier Mix
48486467,Chihuahua Mix
48485589,Labrador Retriever Mix
48485588,Terrier Mix
48485586,Terrier & Chihuahua Mix
48485587,Terrier & Chihuahua Mix
48485585,Australian Cattle Dog / Blue Heeler
48484807,American Staffordshire Terrier
48484806,American Staffordshire Terrier Mix
48484203,Chihuahua
48480597,Chihuahua & Pug Mix
48480600,German Shepherd Dog Mix
48480599,Labrador Retriever Mix
48480026,Terrier & Black Labrador Retriever Mix
48479419,Black Labrador Retriever & Dachshund Mix
48479267,Cocker Spaniel
48479265,Labrador Retriever Mix
48479266,Boxer & American Bulldog Mix
48478589,German Shepherd Dog
48478587,Labrador Retriever Mix
48478588,Australian Shepherd Mix
48478586,Catahoula Leopard Dog
48477949,Pit Bull Terrier Mix
48477853,Siberian Husky Mix
48477852,Chihuahua
48476980,Chow Chow & Boxer Mix
48475732,Rottweiler Mix
48475276,English Bulldog
48475222,American Staffordshire Terrier Mix
48475221,Pomeranian Mix
48473003,Labrador Retriever Mix
48472169,Labrador Retriever Mix
48472170,Chihuahua Mix
48471603,Parson Russell Terrier Mix
48471602,American Staffordshire Terrier Mix
48471267,Boxer & American Staffordshire Terrier Mix
48470719,American Staffordshire Terrier Mix
48470720,Labrador Retriever Mix
48470218,Labrador Retriever Mix
48469836,Labrador Retriever & Black Labrador Retriever Mix
48469074,Chihuahua Mix
48468656,Terrier Mix
48468660,American Staffordshire Terrier
48468657,American Staffordshire Terrier Mix
48468654,Boxer Mix
48467960,Cardigan Welsh Corgi Mix
48464928,Terrier Mix
48464459,Labrador Retriever Mix
48462904,Black Labrador Retriever Mix
48462784,Chihuahua
48457983,Labrador Retriever Mix
48457757,American Staffordshire Terrier Mix
48456318,American Staffordshire Terrier Mix
48456317,Labrador Retriever Mix
48456316,Husky Mix
48455831,Labrador Retriever Mix
48455832,American Staffordshire Terrier Mix
48455830,Labrador Retriever Mix
48455186,American Staffordshire Terrier Mix
48455183,Pit Bull Terrier & Labrador Retriever Mix
48455177,Labrador Retriever
48455174,American Staffordshire Terrier Mix
48455175,Labrador Retriever
48452020,Terrier Mix
48447850,American Staffordshire Terrier Mix
48447692,Labrador Retriever Mix
48446966,American Staffordshire Terrier Mix
48446965,American Staffordshire Terrier Mix
48446963,Chihuahua
48446659,Shepherd Mix
48446509,Fox Terrier Mix
48445299,Labrador Retriever Mix
48445300,Labrador Retriever Mix
48445297,Labrador Retriever Mix
48445294,Labrador Retriever Mix
48444605,American Staffordshire Terrier Mix
48444606,German Shepherd Dog Mix
48444602,American Staffordshire Terrier Mix
48442035,Terrier Mix
48441488,Terrier
48441260,Terrier Mix
48440523,German Shepherd Dog Mix
48440520,Labrador Retriever Mix
48440519,Australian Cattle Dog / Blue Heeler
48439756,German Shepherd Dog Mix
48437325,American Staffordshire Terrier Mix
48437323,Rottweiler Mix
48437141,German Shepherd Dog
48436562,Labrador Retriever Mix
48436561,American Staffordshire Terrier Mix
48436142,Hound Mix
48435277,Poodle
48435276,Siberian Husky Mix
48435275,American Staffordshire Terrier Mix
48432847,Labrador Retriever
48432846,American Staffordshire Terrier
48432843,Labrador Retriever
48431124,Plott Hound Mix
48430346,Labrador Retriever Mix
48430347,Labrador Retriever
48427088,American Staffordshire Terrier Mix
48425268,Chihuahua
48424610,Labrador Retriever Mix
48424605,Labrador Retriever Mix
48423880,Chihuahua
48423881,Chihuahua
48423878,American Staffordshire Terrier
48423086,Labrador Retriever Mix
48422318,Mastiff
48419797,Labrador Retriever Mix
48419796,Labrador Retriever & American Staffordshire Terrier Mix
48416079,Chihuahua Mix
48414044,Labrador Retriever Mix
48413162,Labrador Retriever & Rottweiler Mix
48411944,Labrador Retriever Mix
48411476,Shepherd Mix
48411220,American Staffordshire Terrier Mix
48411217,Labrador Retriever
48410387,American Staffordshire Terrier Mix
48407022,American Staffordshire Terrier Mix
48406734,American Staffordshire Terrier Mix
48405937,American Staffordshire Terrier Mix
48404822,Plott Hound Mix
48394805,American Staffordshire Terrier
48394382,American Staffordshire Terrier Mix
48394381,American Staffordshire Terrier Mix
48393239,American Staffordshire Terrier Mix
48384570,American Staffordshire Terrier
48371790,Pit Bull Terrier Mix
48364400,German Shepherd Dog
48352303,Chihuahua
48347445,American Bulldog
48332278,Chihuahua Mix
48328773,Shepherd Mix
48323604,American Bulldog Mix
48320350,Doberman Pinscher Mix
48310173,Labrador Retriever
48307167,American Staffordshire Terrier
48294399,American Staffordshire Terrier Mix
48283927,Chihuahua
48278098,Chihuahua Mix
48278101,Terrier Mix
48277112,Labrador Retriever Mix
48276499,Border Collie Mix
48272135,Retriever & Shepherd Mix
48271219,Chihuahua
48261764,American Staffordshire Terrier & Australian Cattle Dog / Blue Heeler Mix
48257123,Boxer & American Staffordshire Terrier Mix
48255936,Chihuahua
48252114,Siberian Husky
48250307,Mastiff
48250306,American Staffordshire Terrier Mix
48250303,Boxer
48242939,American Staffordshire Terrier
48242620,German Shepherd Dog
48242610,Labrador Retriever & German Shepherd Dog Mix
48229704,Terrier Mix
48223081,American Staffordshire Terrier Mix
48213675,American Staffordshire Terrier & Labrador Retriever Mix
48213676,German Shepherd Dog & Husky Mix
48213673,American Staffordshire Terrier & Labrador Retriever Mix
48213672,American Staffordshire Terrier & Labrador Retriever Mix
48213669,Australian Cattle Dog / Blue Heeler Mix
48206877,American Staffordshire Terrier
48201450,Border Collie Mix
48201453,German Shepherd Dog & Labrador Retriever Mix
48199867,Siberian Husky Mix
48190387,Labrador Retriever
48172225,American Staffordshire Terrier Mix
48167980,Labrador Retriever & Yellow Labrador Retriever Mix
48151580,Pointer & Labrador Retriever Mix
48151095,Chihuahua
48150615,German Shepherd Dog
48150613,German Shepherd Dog
48150609,German Shepherd Dog
48147512,German Shepherd Dog
48128717,German Shepherd Dog
48128715,American Staffordshire Terrier Mix
48126847,American Staffordshire Terrier
48124282,German Shepherd Dog
48111223,Labrador Retriever Mix
48111223,Labrador Retriever Mix
48097371,American Staffordshire Terrier
48083475,Staffordshire Bull Terrier
48080037,American Staffordshire Terrier Mix
48080029,American Staffordshire Terrier Mix
48067472,Terrier
48055389,Labrador Retriever Mix
48054390,Labrador Retriever Mix
48044578,Labrador Retriever
48022952,German Shepherd Dog Mix
48022500,Boxer
48012093,Husky
48012092,Mastiff
48012088,Labrador Retriever
48012087,Labrador Retriever
48009129,American Staffordshire Terrier & Labrador Retriever Mix
47995612,Dachshund Mix
47990321,American Staffordshire Terrier & Black Labrador Retriever Mix
47989534,Labrador Retriever Mix
47981863,German Shepherd Dog Mix
47971391,Labrador Retriever
47967835,Mastiff
47961902,American Staffordshire Terrier
47953679,American Staffordshire Terrier Mix
47953677,American Staffordshire Terrier Mix
47953676,American Staffordshire Terrier Mix
47936840,American Bulldog Mix
47924896,Hound
47924572,German Shepherd Dog & Chow Chow Mix
47910243,American Staffordshire Terrier
47909108,Terrier Mix
47897102,Australian Cattle Dog / Blue Heeler
47892147,German Shepherd Dog
47883631,Labrador Retriever Mix
47879366,Labrador Retriever
47878760,Labrador Retriever Mix
47871705,Pointer
47864736,American Staffordshire Terrier Mix
47836749,American Staffordshire Terrier Mix
47827506,Labrador Retriever Mix
47821898,American Staffordshire Terrier Mix
47800495,Terrier Mix
47791757,Weimaraner Mix
47783648,Labrador Retriever Mix
47768063,American Staffordshire Terrier
47765773,Labrador Retriever Mix
47765772,Labrador Retriever & Australian Cattle Dog / Blue Heeler Mix
47699295,Labrador Retriever
47692267,Labrador Retriever
47692266,American Staffordshire Terrier
47691738,American Staffordshire Terrier
47691271,American Bulldog
47671641,Terrier & Rhodesian Ridgeback Mix
47670048,Labrador Retriever
47669472,Boxer & Labrador Retriever Mix
47669469,Terrier
47669467,American Staffordshire Terrier
47658057,American Staffordshire Terrier
47641832,Labrador Retriever Mix
47636530,Terrier
47636527,Terrier
47625346,American Staffordshire Terrier & Boxer Mix
47614010,Golden Retriever
47597370,American Staffordshire Terrier Mix
47593713,Border Collie
47590548,American Staffordshire Terrier
47584062,Labrador Retriever Mix
47577942,Labrador Retriever & Rottweiler Mix
47568551,Australian Cattle Dog / Blue Heeler
47568231,American Staffordshire Terrier & Dalmatian Mix
47544037,Labrador Retriever
47246996,Rottweiler
47184366,Shepherd Mix
47126894,Labrador Retriever
46815866,Labrador Retriever Mix
46571389,Shepherd & German Shepherd Dog Mix
46514062,Shepherd Mix
46152178,American Staffordshire Terrier Mix
46049969,Boxer Mix
46028923,Labrador Retriever
44876357,Labrador Retriever & Rhodesian Ridgeback Mix
44749381,Basenji & Retriever Mix
48419393,Boston Terrier Mix
48419334,Terrier Mix
48419204,Hound Mix
48017918,Catahoula Leopard Dog Mix
47866925,German Shepherd Dog Mix
47192877,Boxer Mix
47079742,Pit Bull Terrier Mix
46384717,Pit Bull Terrier Mix
48441115,Boxer Mix
48229427,Shepherd Mix
48168529,Boxer & Labrador Retriever Mix
48149470,Boxer Mix
48126876,Staffordshire Bull Terrier Mix
48006412,Boxer Mix
47444982,Black Mouth Cur & Labrador Retriever Mix
46720999,Shepherd & Labrador Retriever Mix
45278011,Staffordshire Bull Terrier Mix
43806530,Labrador Retriever & Boxer Mix
42052365,Black Mouth Cur & German Shepherd Dog Mix
34406626,Labrador Retriever & Great Dane Mix
47933589,Labrador Retriever Mix
47928932,American Staffordshire Terrier & Labrador Retriever Mix
34338738,Labrador Retriever & Border Collie Mix
34338430,Labrador Retriever & Border Collie Mix
30886764,Chihuahua Mix
30665983,Saint Bernard & Black Mouth Cur Mix
30665780,Pit Bull Terrier & Shar-Pei Mix
46804040,Hound & Golden Retriever Mix
46675512,Labrador Retriever & Golden Retriever Mix
48478825,Shih Tzu & Yorkshire Terrier Mix
48393975,Terrier Mix
48238263,Chihuahua & Terrier Mix
48233578,Labrador Retriever Mix
48198494,Pomeranian & Chihuahua Mix
48167989,Labrador Retriever Mix
48147090,German Shepherd Dog Mix
48054503,Chihuahua Mix
48054502,Boxer
47830700,Terrier & Flat-Coated Retriever Mix
47411242,Jack Russell Terrier Mix
47410682,Jack Russell Terrier Mix
47410509,Jack Russell Terrier Mix
47181931,Terrier Mix
47163064,Labrador Retriever Mix
45879782,Lhasa Apso
44603905,Chihuahua Mix
43837989,Labrador Retriever & Terrier Mix
43837988,Lhasa Apso & Maltese Mix
43015500,Mixed Breed
41210319,Beagle Mix
41200605,Terrier & Labrador Retriever Mix
39120520,Labrador Retriever Mix
39089350,Pit Bull Terrier Mix
38287994,Cocker Spaniel & Havanese Mix
38287995,Havanese & Cocker Spaniel Mix
38287983,Chihuahua
38287984,Miniature Pinscher Mix
38287989,Schipperke Mix
37512576,Labrador Retriever & Terrier Mix
37512570,Labrador Retriever & Terrier Mix
46869900,American Staffordshire Terrier Mix
48237139,Cairn Terrier & Yorkshire Terrier Mix
48229586,Retriever & Labrador Retriever Mix
48133173,Terrier Mix
48072394,Treeing Walker Coonhound & Coonhound Mix
47883545,Labrador Retriever Mix
47808829,Terrier Mix
47485415,Terrier Mix
46204296,Labrador Retriever Mix
46164486,Black Mouth Cur Mix
46153678,Australian Cattle Dog / Blue Heeler Mix
45719759,Hound Mix
45642764,Chocolate Labrador Retriever Mix
45557439,German Shepherd Dog & Basset Hound Mix
45806962,Pit Bull Terrier Mix
45806972,Cattle Dog
45806966,Terrier Mix
45806970,Mixed Breed
45806973,German Shepherd Dog & Labrador Retriever Mix
45806963,Labrador Retriever
48481248,Chiweenie & Rat Terrier Mix
48465032,Black Mouth Cur & Labrador Retriever Mix
48218148,Pit Bull Terrier & English Bulldog Mix
48218134,Pit Bull Terrier & English Bulldog Mix
47307178,Akita & Labrador Retriever Mix
44462801,American Staffordshire Terrier Mix
36224279,American Staffordshire Terrier Mix
35999041,American Staffordshire Terrier Mix
48488005,Treeing Walker Coonhound & Greyhound Mix
48443216,Husky Mix
48151873,Dachshund Mix
48141397,Shepherd Mix
48070667,German Shorthaired Pointer & Labrador Retriever Mix
47734272,Australian Cattle Dog / Blue Heeler & Beagle Mix
47692330,Terrier & Boxer Mix
48495717,Pit Bull Terrier Mix
48494746,Pit Bull Terrier Mix
48485967,Terrier Mix
48484584,Cattle Dog Mix
48484583,Pit Bull Terrier Mix
48474496,Terrier & Beagle Mix
48462570,Australian Cattle Dog / Blue Heeler Mix
48445098,Black Mouth Cur Mix
48445097,Pointer Mix
48445096,Labrador Retriever Mix
48434596,Shepherd & Hound Mix
48419982,Shepherd Mix
48414596,Great Pyrenees & Anatolian Shepherd Mix
48368786,Hound Mix
48354144,Cattle Dog
48350135,Pit Bull Terrier Mix
48350136,Pit Bull Terrier Mix
48308324,Hound Mix
48308323,Hound Mix
48298818,Pit Bull Terrier Mix
48189986,Hound Mix
48189987,Hound Mix
48169875,Pit Bull Terrier
48166155,Pit Bull Terrier Mix
48166129,Pit Bull Terrier Mix
48108305,Pit Bull Terrier
48081806,Black Labrador Retriever Mix
48081808,Pit Bull Terrier Mix
48063212,Boxer & Labrador Retriever Mix
47236890,Pit Bull Terrier Mix
47107525,Hound Mix
48157096,Black Mouth Cur
48059750,American Staffordshire Terrier Mix
48059348,Labrador Retriever Mix
45790926,American Staffordshire Terrier Mix
48466614,Labrador Retriever
48251742,German Shorthaired Pointer & Australian Cattle Dog / Blue Heeler Mix
48248440,Chihuahua
47991797,Jack Russell Terrier
46627854,Black and Tan Coonhound & Hound Mix
45889393,Staffordshire Bull Terrier & American Bulldog Mix
43938115,Jack Russell Terrier Mix
39447946,Dalmatian & Catahoula Leopard Dog Mix
39447945,Cavalier King Charles Spaniel
39447947,Spaniel
33322083,Cavalier King Charles Spaniel
33322087,Spaniel
33322088,Cavalier King Charles Spaniel
48456189,Rhodesian Ridgeback & Dachshund Mix
48278189,Mixed Breed
48076314,Terrier Mix
47492140,Labrador Retriever & Basset Hound Mix
47492134,Catahoula Leopard Dog Mix
47492124,Border Collie & American Staffordshire Terrier Mix
47307972,Australian Cattle Dog / Blue Heeler Mix
47307816,Black Mouth Cur
45388880,Boxer Mix
45388863,Pointer Mix
45388852,American Staffordshire Terrier
45125280,Pit Bull Terrier Mix
44530585,American Staffordshire Terrier & Boxer Mix
44086848,American Bulldog
43978588,Shepherd Mix
36076120,Border Collie & German Shorthaired Pointer Mix
23687362,Boxer Mix
23687215,Pit Bull Terrier Mix
23687019,Pyrenean Shepherd Mix
19128963,American Staffordshire Terrier Mix
48496926,Labrador Retriever & Plott Hound Mix
48496176,Bull Terrier Mix
48492586,Great Pyrenees Mix
48489713,Wire Fox Terrier Mix
48486581,Bull Terrier
48485701,Border Collie
48481949,Australian Cattle Dog / Blue Heeler Mix
48478658,Terrier
48473027,Pit Bull Terrier & Black Labrador Retriever Mix
48472839,Spaniel
48472495,Australian Cattle Dog / Blue Heeler
48472493,Cattle Dog
48471703,Whippet Mix
48455917,Weimaraner & Yellow Labrador Retriever Mix
48452213,Shepherd Mix
48440774,Black Labrador Retriever Mix
48438835,Hound & Shepherd Mix
48438833,Husky Mix
48438834,Black Labrador Retriever Mix
48438832,Plott Hound & American Staffordshire Terrier Mix
48436316,Catahoula Leopard Dog
48435643,Shepherd Mix
48434884,Shepherd Mix
48434883,Black Labrador Retriever & Pit Bull Terrier Mix
48434276,Border Collie
48433055,Husky & Bernese Mountain Dog Mix
48433054,Husky & Bernese Mountain Dog Mix
48433053,Redbone Coonhound Mix
48433052,Redbone Coonhound Mix
48432313,Labrador Retriever Mix
48432315,Labrador Retriever Mix
48431371,Labrador Retriever Mix
48431368,Labrador Retriever & Plott Hound Mix
48431372,Labrador Retriever & Plott Hound Mix
48430646,Labrador Retriever Mix
48429798,Chihuahua & Dachshund Mix
48429224,Terrier Mix
48429223,Terrier Mix
48426691,Terrier
48426294,Shepherd Mix
48423378,Shepherd Mix
48423376,Shepherd Mix
48423377,American Staffordshire Terrier
48420776,Pointer & Cattle Dog Mix
48416762,German Shepherd Dog & Black Mouth Cur Mix
48416481,American Bulldog & Boxer Mix
48409110,Chocolate Labrador Retriever
48408098,Labrador Retriever Mix
48407715,Shepherd & Black Mouth Cur Mix
48405605,Whippet
48401488,Boxer
48373239,Whippet & Labrador Retriever Mix
48365366,Basset Hound & Hound Mix
48357354,Labrador Retriever Mix
48354158,Australian Cattle Dog / Blue Heeler & Hound Mix
48345305,Shepherd
48304672,Cattle Dog Mix
48300485,Chow Chow Mix
48297166,Yellow Labrador Retriever & Whippet Mix
48290572,Black Labrador Retriever
48289965,Dogo Argentino & Pit Bull Terrier Mix
48285505,Shepherd & Hound Mix
48285506,Australian Cattle Dog / Blue Heeler Mix
48280281,Shepherd Mix
48280291,Shepherd & Terrier Mix
48280340,Siberian Husky
48280292,Pit Bull Terrier Mix
48280325,Dachshund & Toy Fox Terrier Mix
48280270,Husky & Shar-Pei Mix
48280324,Labrador Retriever Mix
48280298,Border Collie Mix
48280285,Chihuahua Mix
48280309,Australian Cattle Dog / Blue Heeler & American Staffordshire Terrier Mix
48280295,Shepherd & Yellow Labrador Retriever Mix
48280303,Boxer Mix
48280310,Plott Hound & Pit Bull Terrier Mix
48280311,Shepherd Mix
48280313,Golden Retriever & Shar-Pei Mix
48280323,American Staffordshire Terrier
48280332,Shepherd & Collie Mix
48280333,Carolina Dog
48280338,English Springer Spaniel Mix
48280345,Pit Bull Terrier
48280349,Australian Kelpie & Shepherd Mix
48280353,Golden Retriever & Shar-Pei Mix
48280334,Australian Cattle Dog / Blue Heeler
48280316,Pit Bull Terrier Mix
48280346,Cardigan Welsh Corgi & Black Labrador Retriever Mix
48280275,Doberman Pinscher Mix
48280312,Pit Bull Terrier Mix
48280267,Chihuahua Mix
48280337,Golden Retriever & Shar-Pei Mix
48280318,Chesapeake Bay Retriever Mix
48280297,Labrador Retriever & Pit Bull Terrier Mix
48280327,Labrador Retriever & Whippet Mix
48280283,Shepherd & Retriever Mix
48280294,Chow Chow & Shepherd Mix
48280308,Shepherd Mix
48280331,Plott Hound & Shepherd Mix
48280302,English Bulldog
48224875,Basset Hound Mix
48055028,Pit Bull Terrier Mix
47928501,Doberman Pinscher
47156965,Terrier & Boxer Mix
46199254,English Pointer
44982603,Chihuahua Mix
24906110,Border Collie & Australian Cattle Dog / Blue Heeler Mix
24905896,Chow Chow Mix
24781725,Shepherd Mix
48498379,Chihuahua
48490831,Pit Bull Terrier & Cane Corso Mix
48403823,English Bulldog & American Bully Mix
48391895,Chihuahua
48391891,Cocker Spaniel & Spaniel Mix
48391894,Chihuahua & Pug Mix
48391890,Chihuahua
48391893,Chihuahua
48391892,Shih Tzu & Poodle Mix
48359271,Chihuahua & Wirehaired Terrier Mix
48347968,Staffordshire Bull Terrier & Pit Bull Terrier Mix
48347921,Staffordshire Bull Terrier & Pit Bull Terrier Mix
48285048,Pit Bull Terrier & American Staffordshire Terrier Mix
48136053,Pit Bull Terrier & American Staffordshire Terrier Mix
48135944,Pit Bull Terrier & American Staffordshire Terrier Mix
47965664,Chihuahua
47802605,Chihuahua & Rat Terrier Mix
47802596,Cocker Spaniel & Poodle Mix
47802609,Chihuahua
47674858,Pomeranian & Shih Tzu Mix
48235364,Terrier Mix
48167390,Chihuahua Mix
47924222,Terrier
47487041,Boston Terrier
47476692,Dachshund Mix
46905665,Australian Shepherd & Pit Bull Terrier Mix
46168001,Anatolian Shepherd Mix
45269589,Terrier Mix
45269438,Beagle Mix
44789401,Shepherd & Terrier Mix
43593535,Shepherd Mix
43592185,Mixed Breed
43319789,Labrador Retriever Mix
42973626,Mixed Breed
42973060,Boxer Mix
41825483,Shepherd & Black Mouth Cur Mix
40652260,Labrador Retriever & Pit Bull Terrier Mix
40652123,English Bulldog & Pit Bull Terrier Mix
40621085,Black Mouth Cur
40152496,Border Collie Mix
37946341,Labrador Retriever Mix
32674908,American Bulldog & Pit Bull Terrier Mix
48490350,Labrador Retriever & Golden Retriever Mix
48490351,German Shepherd Dog
48489493,German Shepherd Dog
48489492,Catahoula Leopard Dog Mix
48489490,German Shepherd Dog
48489501,Collie Mix
48489504,Pit Bull Terrier Mix
48489496,Labrador Retriever Mix
48489497,Rhodesian Ridgeback & Rottweiler Mix
48489502,Pit Bull Terrier Mix
48489495,Rottweiler Mix
48489491,Rottweiler Mix
48489505,German Shepherd Dog
48489488,Black Mouth Cur Mix
48489506,Black Mouth Cur Mix
48489486,Rhodesian Ridgeback & Rottweiler Mix
48487202,Pit Bull Terrier Mix
48479328,Rottweiler Mix
48479333,Labrador Retriever Mix
48479329,German Shepherd Dog Mix
48476324,Collie & Husky Mix
48475704,Labrador Retriever Mix
48475703,Pit Bull Terrier
48467925,Pit Bull Terrier Mix
48467922,Labrador Retriever
48467921,Pit Bull Terrier Mix
48467923,Pit Bull Terrier
48464469,Pit Bull Terrier Mix
48462724,Pit Bull Terrier Mix
48454921,Border Collie Mix
48443876,Labrador Retriever & German Shepherd Dog Mix
48442019,Pit Bull Terrier Mix
48435207,German Shepherd Dog
48432813,Pit Bull Terrier Mix
48431925,Great Pyrenees
48431064,Pit Bull Terrier
48414729,Pit Bull Terrier & Boxer Mix
48363007,Labrador Retriever
48361596,Pit Bull Terrier Mix
48355936,Catahoula Leopard Dog Mix
48355934,Labrador Retriever Mix
48354919,Mastiff & Boxer Mix
48351514,German Shepherd Dog Mix
48340528,Pit Bull Terrier Mix
48332382,Dogo Argentino
48332383,Dogo Argentino
48321213,Pit Bull Terrier Mix
48318143,Pit Bull Terrier Mix
48312330,Labrador Retriever & Pit Bull Terrier Mix
48311667,Labrador Retriever & Pit Bull Terrier Mix
48301939,Pit Bull Terrier Mix
48301938,Labrador Retriever & Australian Cattle Dog / Blue Heeler Mix
48301936,Blue Lacy
48297393,Black and Tan Coonhound & German Shepherd Dog Mix
48290655,Pit Bull Terrier & Australian Cattle Dog / Blue Heeler Mix
48277588,English Bulldog & Pit Bull Terrier Mix
48277589,Pit Bull Terrier
48258824,Great Dane & Labrador Retriever Mix
48210644,Pit Bull Terrier Mix
48204861,Catahoula Leopard Dog Mix
48201350,Pit Bull Terrier Mix
48181445,Chihuahua Mix
48180960,Pit Bull Terrier Mix
48178058,Pit Bull Terrier Mix
48176211,Pit Bull Terrier & Australian Cattle Dog / Blue Heeler Mix
48172264,Labrador Retriever Mix
48151087,Pit Bull Terrier & Boxer Mix
48096807,Pit Bull Terrier Mix
48088240,Pit Bull Terrier Mix
48080656,Pit Bull Terrier Mix
48075394,Labrador Retriever Mix
48064726,Pit Bull Terrier Mix
48032883,Black and Tan Coonhound & Pit Bull Terrier Mix
48003196,Pit Bull Terrier Mix
47994579,Pit Bull Terrier Mix
47981821,Boxer
47963172,Pit Bull Terrier & Boxer Mix
47953670,Pit Bull Terrier
47950271,Pit Bull Terrier Mix
47946945,American Bulldog Mix
47926277,Pit Bull Terrier
47912303,Pointer Mix
47911233,Pit Bull Terrier Mix
47911234,Pit Bull Terrier
47911235,Pit Bull Terrier
47904126,American Staffordshire Terrier & Catahoula Leopard Dog Mix
47862868,Catahoula Leopard Dog & Plott Hound Mix
47845052,Pit Bull Terrier & Labrador Retriever Mix
47797273,Pit Bull Terrier Mix
47757492,Pit Bull Terrier
47653331,Pit Bull Terrier Mix
47640104,Pit Bull Terrier
47555548,Pit Bull Terrier Mix
47510487,Pit Bull Terrier Mix
47486144,Pit Bull Terrier Mix
47470347,Rhodesian Ridgeback Mix
47448950,Pit Bull Terrier Mix
47388998,Shar-Pei & Pit Bull Terrier Mix
47159844,Pit Bull Terrier & Greater Swiss Mountain Dog Mix
47062234,Pit Bull Terrier Mix
